,Unnamed: 0.6,Unnamed: 0.5,Unnamed: 0.4,Unnamed: 0.3,Unnamed: 0.2,Unnamed: 0.1,Unnamed: 0,Start_Base,End_Base,Event,runner_id,runner_name,pitcher_id,pitcher_name,batter_id,batter_name,pitch_hand,credit,credit_id,homeScore,awayScore,inning,isTopInning,Date,Action,Base,Year,Current_Year_x,Sprint_x,Current_Year_y,Sprint_y,Current_Year_x.1,Sprint_x.1,Current_Year_y.1,Sprint_y.1,Current_Year_x.2,Sprint_x.2,Current_Year_y.2,Sprint_y.2,Current_Year_x,Sprint_x,Current_Year_y,Sprint_y
0,0,0,0,0,0,0,0,1B,,Caught Stealing 2B,660271,Shohei Ohtani,669160,Dustin May,621532,Anthony Bemboom,R,Austin Barnes,605131,1,0,2,True,2020-09-27,Caught,2B,2020,2021,28.8,2021,28.8,2021,28.8,2021,28.8,2021,28.8,2021,28.8,2021,28.8,2021,28.8
1,1,1,1,1,1,1,1,2B,3B,Stolen Base 3B,606132,Raimel Tapia,477132,Clayton Kershaw,571448,Nolan Arenado,L,Austin Barnes,605131,1,2,1,False,2020-09-19,Stolen,3B,2020,2021,28.8,2021,28.8,2021,28.8,2021,28.8,2021,28.8,2021,28.8,2021,28.8,2021,28.8
2,2,2,2,2,2,2,2,2B,,Caught Stealing 3B,592518,Manny Machado,595014,Blake Treinen,571976,Wil Myers,R,Austin Barnes,605131,6,1,7,False,2020-09-14,Caught,3B,2020,2021,28.8,2021,28.8,2021,28.8,2021,28.8,2021,28.8,2021,28.8,2021,28.8,2021,28.8
3,3,3,3,3,3,3,3,1B,2B,Stolen Base 2B,641796,Tim Locastro,621111,Walker Buehler,668942,Josh Rojas,R,Austin Barnes,605131,1,1,3,False,2020-09-08,Stolen,2B,2020,2021,28.8,2021,28.8,2021,28.8,2021,28.8,2021,28.8,2021,28.8,2021,28.8,2021,28.8
4,4,4,4,4,4,4,4,1B,2B,Stolen Base 2B,641796,Tim Locastro,445276,Kenley Jansen,606466,Ketel Marte,R,Austin Barnes,605131,6,6,9,False,2020-09-08,Stolen,2B,2020,2021,28.8,2021,28.8,2021,28.8,2021,28.8,2021,28.8,2021,28.8,2021,28.8,2021,28.8
5,5,5,5,5,5,5,5,1B,2B,Stolen Base 2B,606132,Raimel Tapia,669160,Dustin May,453568,Charlie Blackmon,R,Austin Barnes,605131,0,0,1,True,2020-08-22,Stolen,2B,2020,2021,28.8,2021,28.8,2021,28.8,2021,28.8,2021,28.8,2021,28.8,2021,28.8,2021,28.8
6,6,6,6,6,6,6,6,1B,2B,Stolen Base 2B,656541,Sam Hilliard,669160,Dustin May,547172,Tony Wolters,R,Austin Barnes,605131,2,1,5,True,2020-08-22,Stolen,2B,2020,2021,28.8,2021,28.8,2021,28.8,2021,28.8,2021,28.8,2021,28.8,2021,28.8,2021,28.8
7,7,7,7,7,7,7,7,1B,2B,Stolen Base 2B,596115,Trevor Story,621111,Walker Buehler,453568,Charlie Blackmon,R,Austin Barnes,605131,4,1,6,True,2020-08-21,Stolen,2B,2020,2021,28.8,2021,28.8,2021,28.8,2021,28.8,2021,28.8,2021,28.8,2021,28.8,2021,28.8
8,8,8,8,8,8,8,8,1B,2B,Stolen Base 2B,543829,Dee Strange-Gordon,664062,Tony Gonsolin,641487,J.P. Crawford,R,Austin Barnes,605131,0,0,3,True,2020-08-18,Stolen,2B,2020,2021,28.8,2021,28.8,2021,28.8,2021,28.8,2021,28.8,2021,28.8,2021,28.8,2021,28.8
9,9,9,9,9,9,9,9,1B,2B,Stolen Base 2B,641786,Kyle Lewis,664062,Tony Gonsolin,543592,Austin Nola,R,Austin Barnes,605131,0,0,4,True,2020-08-18,Stolen,2B,2020,2021,28.8,2021,28.8,2021,28.8,2021,28.8,2021,28.8,2021,28.8,2021,28.8,2021,28.8
10,10,10,10,10,10,10,10,1B,2B,Stolen Base 2B,641487,J.P. Crawford,595014,Blake Treinen,664238,Dylan Moore,R,Austin Barnes,605131,1,1,8,True,2020-08-18,Stolen,2B,2020,2021,28.8,2021,28.8,2021,28.8,2021,28.8,2021,28.8,2021,28.8,2021,28.8,2021,28.8
11,11,11,11,11,11,11,11,1B,2B,Stolen Base 2B,572122,Kyle Seager,657571,Caleb Ferguson,543592,Austin Nola,L,Austin Barnes,605131,6,8,7,True,2020-08-17,Stolen,2B,2020,2021,28.8,2021,28.8,2021,28.8,2021,28.8,2021,28.8,2021,28.8,2021,28.8,2021,28.8
12,12,12,12,12,12,12,12,1B,2B,Stolen Base 2B,545361,Mike Trout,621111,Walker Buehler,543685,Anthony Rendon,R,Austin Barnes,605131,5,4,5,False,2020-08-15,Stolen,2B,2020,2021,28.8,2021,28.8,2021,28.8,2021,28.8,2021,28.8,2021,28.8,2021,28.8,2021,28.8
13,13,13,13,13,13,13,13,1B,2B,Stolen Base 2B,665487,Fernando Tatis Jr.,548389,Ross Stripling,663757,Trent Grisham,R,Austin Barnes,605131,1,6,5,True,2020-08-11,Stolen,2B,2020,2021,28.8,2021,28.8,2021,28.8,2021,28.8,2021,28.8,2021,28.8,2021,28.8,2021,28.8
14,14,14,14,14,14,14,14,1B,2B,Stolen Base 2B,647304,Josh Naylor,595014,Blake Treinen,665487,Fernando Tatis Jr.,R,Austin Barnes,605131,2,4,8,False,2020-08-04,Stolen,2B,2020,2021,28.8,2021,28.8,2021,28.8,2021,28.8,2021,28.8,2021,28.8,2021,28.8,2021,28.8
15,15,15,15,15,15,15,15,1B,2B,Stolen Base 2B,516782,Starling Marte,445276,Kenley Jansen,572233,Christian Walker,R,Austin Barnes,605131,0,3,9,False,2020-08-02,Stolen,2B,2020,2021,28.8,2021,28.8,2021,28.8,2021,28.8,2021,28.8,2021,28.8,2021,28.8,2021,28.8
16,16,16,16,16,16,16,16,1B,2B,Stolen Base 2B,664702,Myles Straw,669160,Dustin May,455117,Martín Maldonado,R,Austin Barnes,605131,1,1,2,False,2020-07-29,Stolen,2B,2020,2021,28.8,2021,28.8,2021,28.8,2021,28.8,2021,28.8,2021,28.8,2021,28.8,2021,28.8
17,17,17,17,17,17,17,17,1B,2B,Stolen Base 2B,664702,Myles Straw,642701,Dennis Santana,543807,George Springer,R,Austin Barnes,605131,2,2,11,False,2020-07-29,Stolen,2B,2020,2021,28.8,2021,28.8,2021,28.8,2021,28.8,2021,28.8,2021,28.8,2021,28.8,2021,28.8
18,18,18,18,18,18,18,18,1B,,Caught Stealing 2B,596103,Austin Slater,523260,Joe Kelly,456781,Donovan Solano,R,Austin Barnes,605131,1,5,6,True,2020-07-25,Caught,2B,2020,2021,28.8,2021,28.8,2021,28.8,2021,28.8,2021,28.8,2021,28.8,2021,28.8,2021,28.8
19,19,19,19,19,19,19,19,1B,,Caught Stealing 2B,660271,Shohei Ohtani,669160,Dustin May,621532,Anthony Bemboom,R,Austin Barnes,605131,1,0,2,True,2020-09-27,Caught,2B,2020,2021,28.8,2021,28.8,2021,28.8,2021,28.8,2021,28.8,2021,28.8,2021,28.8,2021,28.8
20,20,20,20,20,20,20,20,2B,3B,Stolen Base 3B,606132,Raimel Tapia,477132,Clayton Kershaw,571448,Nolan Arenado,L,Austin Barnes,605131,1,2,1,False,2020-09-19,Stolen,3B,2020,2021,28.8,2021,28.8,2021,28.8,2021,28.8,2021,28.8,2021,28.8,2021,28.8,2021,28.8
21,21,21,21,21,21,21,21,2B,,Caught Stealing 3B,592518,Manny Machado,595014,Blake Treinen,571976,Wil Myers,R,Austin Barnes,605131,6,1,7,False,2020-09-14,Caught,3B,2020,2021,28.8,2021,28.8,2021,28.8,2021,28.8,2021,28.8,2021,28.8,2021,28.8,2021,28.8
22,22,22,22,22,22,22,22,1B,2B,Stolen Base 2B,641796,Tim Locastro,621111,Walker Buehler,668942,Josh Rojas,R,Austin Barnes,605131,1,1,3,False,2020-09-08,Stolen,2B,2020,2021,28.8,2021,28.8,2021,28.8,2021,28.8,2021,28.8,2021,28.8,2021,28.8,2021,28.8
23,23,23,23,23,23,23,23,1B,2B,Stolen Base 2B,641796,Tim Locastro,445276,Kenley Jansen,606466,Ketel Marte,R,Austin Barnes,605131,6,6,9,False,2020-09-08,Stolen,2B,2020,2021,28.8,2021,28.8,2021,28.8,2021,28.8,2021,28.8,2021,28.8,2021,28.8,2021,28.8
24,24,24,24,24,24,24,24,1B,2B,Stolen Base 2B,606132,Raimel Tapia,669160,Dustin May,453568,Charlie Blackmon,R,Austin Barnes,605131,0,0,1,True,2020-08-22,Stolen,2B,2020,2021,28.8,2021,28.8,2021,28.8,2021,28.8,2021,28.8,2021,28.8,2021,28.8,2021,28.8
25,25,25,25,25,25,25,25,1B,2B,Stolen Base 2B,656541,Sam Hilliard,669160,Dustin May,547172,Tony Wolters,R,Austin Barnes,605131,2,1,5,True,2020-08-22,Stolen,2B,2020,2021,28.8,2021,28.8,2021,28.8,2021,28.8,2021,28.8,2021,28.8,2021,28.8,2021,28.8
26,26,26,26,26,26,26,26,1B,2B,Stolen Base 2B,596115,Trevor Story,621111,Walker Buehler,453568,Charlie Blackmon,R,Austin Barnes,605131,4,1,6,True,2020-08-21,Stolen,2B,2020,2021,28.8,2021,28.8,2021,28.8,2021,28.8,2021,28.8,2021,28.8,2021,28.8,2021,28.8
27,27,27,27,27,27,27,27,1B,2B,Stolen Base 2B,543829,Dee Strange-Gordon,664062,Tony Gonsolin,641487,J.P. Crawford,R,Austin Barnes,605131,0,0,3,True,2020-08-18,Stolen,2B,2020,2021,28.8,2021,28.8,2021,28.8,2021,28.8,2021,28.8,2021,28.8,2021,28.8,2021,28.8
28,28,28,28,28,28,28,28,1B,2B,Stolen Base 2B,641786,Kyle Lewis,664062,Tony Gonsolin,543592,Austin Nola,R,Austin Barnes,605131,0,0,4,True,2020-08-18,Stolen,2B,2020,2021,28.8,2021,28.8,2021,28.8,2021,28.8,2021,28.8,2021,28.8,2021,28.8,2021,28.8
29,29,29,29,29,29,29,29,1B,2B,Stolen Base 2B,641487,J.P. Crawford,595014,Blake Treinen,664238,Dylan Moore,R,Austin Barnes,605131,1,1,8,True,2020-08-18,Stolen,2B,2020,2021,28.8,2021,28.8,2021,28.8,2021,28.8,2021,28.8,2021,28.8,2021,28.8,2021,28.8
30,30,30,30,30,30,30,30,1B,2B,Stolen Base 2B,572122,Kyle Seager,657571,Caleb Ferguson,543592,Austin Nola,L,Austin Barnes,605131,6,8,7,True,2020-08-17,Stolen,2B,2020,2021,28.8,2021,28.8,2021,28.8,2021,28.8,2021,28.8,2021,28.8,2021,28.8,2021,28.8
31,31,31,31,31,31,31,31,1B,2B,Stolen Base 2B,545361,Mike Trout,621111,Walker Buehler,543685,Anthony Rendon,R,Austin Barnes,605131,5,4,5,False,2020-08-15,Stolen,2B,2020,2021,28.8,2021,28.8,2021,28.8,2021,28.8,2021,28.8,2021,28.8,2021,28.8,2021,28.8
32,32,32,32,32,32,32,32,1B,2B,Stolen Base 2B,665487,Fernando Tatis Jr.,548389,Ross Stripling,663757,Trent Grisham,R,Austin Barnes,605131,1,6,5,True,2020-08-11,Stolen,2B,2020,2021,28.8,2021,28.8,2021,28.8,2021,28.8,2021,28.8,2021,28.8,2021,28.8,2021,28.8
33,33,33,33,33,33,33,33,1B,2B,Stolen Base 2B,647304,Josh Naylor,595014,Blake Treinen,665487,Fernando Tatis Jr.,R,Austin Barnes,605131,2,4,8,False,2020-08-04,Stolen,2B,2020,2021,28.8,2021,28.8,2021,28.8,2021,28.8,2021,28.8,2021,28.8,2021,28.8,2021,28.8
34,34,34,34,34,34,34,34,1B,2B,Stolen Base 2B,516782,Starling Marte,445276,Kenley Jansen,572233,Christian Walker,R,Austin Barnes,605131,0,3,9,False,2020-08-02,Stolen,2B,2020,2021,28.8,2021,28.8,2021,28.8,2021,28.8,2021,28.8,2021,28.8,2021,28.8,2021,28.8
35,35,35,35,35,35,35,35,1B,2B,Stolen Base 2B,664702,Myles Straw,669160,Dustin May,455117,Martín Maldonado,R,Austin Barnes,605131,1,1,2,False,2020-07-29,Stolen,2B,2020,2021,28.8,2021,28.8,2021,28.8,2021,28.8,2021,28.8,2021,28.8,2021,28.8,2021,28.8
36,36,36,36,36,36,36,36,1B,2B,Stolen Base 2B,664702,Myles Straw,642701,Dennis Santana,543807,George Springer,R,Austin Barnes,605131,2,2,11,False,2020-07-29,Stolen,2B,2020,2021,28.8,2021,28.8,2021,28.8,2021,28.8,2021,28.8,2021,28.8,2021,28.8,2021,28.8
37,37,37,37,37,37,37,37,1B,,Caught Stealing 2B,596103,Austin Slater,523260,Joe Kelly,456781,Donovan Solano,R,Austin Barnes,605131,1,5,6,True,2020-07-25,Caught,2B,2020,2021,28.8,2021,28.8,2021,28.8,2021,28.8,2021,28.8,2021,28.8,2021,28.8,2021,28.8
38,38,38,38,38,38,38,38,1B,,Caught Stealing 2B,660271,Shohei Ohtani,669160,Dustin May,621532,Anthony Bemboom,R,Austin Barnes,605131,1,0,2,True,2020-09-27,Caught,2B,2020,2021,28.8,2021,28.8,2021,28.8,2021,28.8,2021,28.8,2021,28.8,2021,28.8,2021,28.8
39,39,39,39,39,39,39,39,2B,3B,Stolen Base 3B,606132,Raimel Tapia,477132,Clayton Kershaw,571448,Nolan Arenado,L,Austin Barnes,605131,1,2,1,False,2020-09-19,Stolen,3B,2020,2021,28.8,2021,28.8,2021,28.8,2021,28.8,2021,28.8,2021,28.8,2021,28.8,2021,28.8
40,40,40,40,40,40,40,40,2B,,Caught Stealing 3B,592518,Manny Machado,595014,Blake Treinen,571976,Wil Myers,R,Austin Barnes,605131,6,1,7,False,2020-09-14,Caught,3B,2020,2021,28.8,2021,28.8,2021,28.8,2021,28.8,2021,28.8,2021,28.8,2021,28.8,2021,28.8
41,41,41,41,41,41,41,41,1B,2B,Stolen Base 2B,641796,Tim Locastro,621111,Walker Buehler,668942,Josh Rojas,R,Austin Barnes,605131,1,1,3,False,2020-09-08,Stolen,2B,2020,2021,28.8,2021,28.8,2021,28.8,2021,28.8,2021,28.8,2021,28.8,2021,28.8,2021,28.8
42,42,42,42,42,42,42,42,1B,2B,Stolen Base 2B,641796,Tim Locastro,445276,Kenley Jansen,606466,Ketel Marte,R,Austin Barnes,605131,6,6,9,False,2020-09-08,Stolen,2B,2020,2021,28.8,2021,28.8,2021,28.8,2021,28.8,2021,28.8,2021,28.8,2021,28.8,2021,28.8
43,43,43,43,43,43,43,43,1B,2B,Stolen Base 2B,606132,Raimel Tapia,669160,Dustin May,453568,Charlie Blackmon,R,Austin Barnes,605131,0,0,1,True,2020-08-22,Stolen,2B,2020,2021,28.8,2021,28.8,2021,28.8,2021,28.8,2021,28.8,2021,28.8,2021,28.8,2021,28.8
44,44,44,44,44,44,44,44,1B,2B,Stolen Base 2B,656541,Sam Hilliard,669160,Dustin May,547172,Tony Wolters,R,Austin Barnes,605131,2,1,5,True,2020-08-22,Stolen,2B,2020,2021,28.8,2021,28.8,2021,28.8,2021,28.8,2021,28.8,2021,28.8,2021,28.8,2021,28.8
45,45,45,45,45,45,45,45,1B,2B,Stolen Base 2B,596115,Trevor Story,621111,Walker Buehler,453568,Charlie Blackmon,R,Austin Barnes,605131,4,1,6,True,2020-08-21,Stolen,2B,2020,2021,28.8,2021,28.8,2021,28.8,2021,28.8,2021,28.8,2021,28.8,2021,28.8,2021,28.8
46,46,46,46,46,46,46,46,1B,2B,Stolen Base 2B,543829,Dee Strange-Gordon,664062,Tony Gonsolin,641487,J.P. Crawford,R,Austin Barnes,605131,0,0,3,True,2020-08-18,Stolen,2B,2020,2021,28.8,2021,28.8,2021,28.8,2021,28.8,2021,28.8,2021,28.8,2021,28.8,2021,28.8
47,47,47,47,47,47,47,47,1B,2B,Stolen Base 2B,641786,Kyle Lewis,664062,Tony Gonsolin,543592,Austin Nola,R,Austin Barnes,605131,0,0,4,True,2020-08-18,Stolen,2B,2020,2021,28.8,2021,28.8,2021,28.8,2021,28.8,2021,28.8,2021,28.8,2021,28.8,2021,28.8
48,48,48,48,48,48,48,48,1B,2B,Stolen Base 2B,641487,J.P. Crawford,595014,Blake Treinen,664238,Dylan Moore,R,Austin Barnes,605131,1,1,8,True,2020-08-18,Stolen,2B,2020,2021,28.8,2021,28.8,2021,28.8,2021,28.8,2021,28.8,2021,28.8,2021,28.8,2021,28.8
49,49,49,49,49,49,49,49,1B,2B,Stolen Base 2B,572122,Kyle Seager,657571,Caleb Ferguson,543592,Austin Nola,L,Austin Barnes,605131,6,8,7,True,2020-08-17,Stolen,2B,2020,2021,28.8,2021,28.8,2021,28.8,2021,28.8,2021,28.8,2021,28.8,2021,28.8,2021,28.8
50,50,50,50,50,50,50,50,1B,2B,Stolen Base 2B,545361,Mike Trout,621111,Walker Buehler,543685,Anthony Rendon,R,Austin Barnes,605131,5,4,5,False,2020-08-15,Stolen,2B,2020,2021,28.8,2021,28.8,2021,28.8,2021,28.8,2021,28.8,2021,28.8,2021,28.8,2021,28.8
51,51,51,51,51,51,51,51,1B,2B,Stolen Base 2B,665487,Fernando Tatis Jr.,548389,Ross Stripling,663757,Trent Grisham,R,Austin Barnes,605131,1,6,5,True,2020-08-11,Stolen,2B,2020,2021,28.8,2021,28.8,2021,28.8,2021,28.8,2021,28.8,2021,28.8,2021,28.8,2021,28.8
52,52,52,52,52,52,52,52,1B,2B,Stolen Base 2B,647304,Josh Naylor,595014,Blake Treinen,665487,Fernando Tatis Jr.,R,Austin Barnes,605131,2,4,8,False,2020-08-04,Stolen,2B,2020,2021,28.8,2021,28.8,2021,28.8,2021,28.8,2021,28.8,2021,28.8,2021,28.8,2021,28.8
53,53,53,53,53,53,53,53,1B,2B,Stolen Base 2B,516782,Starling Marte,445276,Kenley Jansen,572233,Christian Walker,R,Austin Barnes,605131,0,3,9,False,2020-08-02,Stolen,2B,2020,2021,28.8,2021,28.8,2021,28.8,2021,28.8,2021,28.8,2021,28.8,2021,28.8,2021,28.8
54,54,54,54,54,54,54,54,1B,2B,Stolen Base 2B,664702,Myles Straw,669160,Dustin May,455117,Martín Maldonado,R,Austin Barnes,605131,1,1,2,False,2020-07-29,Stolen,2B,2020,2021,28.8,2021,28.8,2021,28.8,2021,28.8,2021,28.8,2021,28.8,2021,28.8,2021,28.8
55,55,55,55,55,55,55,55,1B,2B,Stolen Base 2B,664702,Myles Straw,642701,Dennis Santana,543807,George Springer,R,Austin Barnes,605131,2,2,11,False,2020-07-29,Stolen,2B,2020,2021,28.8,2021,28.8,2021,28.8,2021,28.8,2021,28.8,2021,28.8,2021,28.8,2021,28.8
56,56,56,56,56,56,56,56,1B,,Caught Stealing 2B,596103,Austin Slater,523260,Joe Kelly,456781,Donovan Solano,R,Austin Barnes,605131,1,5,6,True,2020-07-25,Caught,2B,2020,2021,28.8,2021,28.8,2021,28.8,2021,28.8,2021,28.8,2021,28.8,2021,28.8,2021,28.8
57,57,57,57,57,57,57,57,1B,2B,Stolen Base 2B,643565,Mike Tauchman,477132,Clayton Kershaw,518934,DJ LeMahieu,L,Austin Barnes,605131,1,2,5,True,2019-08-25,Stolen,2B,2019,2020,28.7,2020,28.7,2020,28.7,2020,28.7,2020,28.7,2020,28.7,2020,28.7,2020,28.7
58,58,58,58,58,58,58,58,1B,2B,Stolen Base 2B,664058,David Fletcher,608638,JT Chargois,545361,Mike Trout,R,Austin Barnes,605131,1,3,6,True,2019-07-24,Stolen,2B,2019,2020,28.7,2020,28.7,2020,28.7,2020,28.7,2020,28.7,2020,28.7,2020,28.7,2020,28.7
59,59,59,59,59,59,59,59,1B,2B,Stolen Base 2B,543543,Brad Miller,608638,JT Chargois,664068,Scott Kingery,R,Austin Barnes,605131,7,5,8,False,2019-07-18,Stolen,2B,2019,2020,28.7,2020,28.7,2020,28.7,2020,28.7,2020,28.7,2020,28.7,2020,28.7,2020,28.7
60,60,60,60,60,60,60,60,1B,,Caught Stealing 2B,646240,Rafael Devers,548389,Ross Stripling,502110,J.D. Martinez,R,Austin Barnes,605131,0,1,1,False,2019-07-13,Caught,2B,2019,2020,28.7,2020,28.7,2020,28.7,2020,28.7,2020,28.7,2020,28.7,2020,28.7,2020,28.7
61,61,61,61,61,61,61,61,1B,2B,Stolen Base 2B,598265,Jackie Bradley Jr.,548389,Ross Stripling,605141,Mookie Betts,R,Austin Barnes,605131,0,2,3,False,2019-07-13,Stolen,2B,2019,2020,28.7,2020,28.7,2020,28.7,2020,28.7,2020,28.7,2020,28.7,2020,28.7,2020,28.7
62,62,62,62,62,62,62,62,1B,2B,Stolen Base 2B,605141,Mookie Betts,523260,Joe Kelly,593428,Xander Bogaerts,R,Austin Barnes,605131,2,5,6,False,2019-07-13,Stolen,2B,2019,2020,28.7,2020,28.7,2020,28.7,2020,28.7,2020,28.7,2020,28.7,2020,28.7,2020,28.7
63,63,63,63,63,63,63,63,1B,2B,Stolen Base 2B,502481,Jarrod Dyson,664062,Tony Gonsolin,641796,Tim Locastro,R,Austin Barnes,605131,0,0,1,False,2019-06-26,Stolen,2B,2019,2020,28.7,2020,28.7,2020,28.7,2020,28.7,2020,28.7,2020,28.7,2020,28.7,2020,28.7
64,64,64,64,64,64,64,64,1B,2B,Stolen Base 2B,641796,Tim Locastro,664062,Tony Gonsolin,444482,David Peralta,R,Austin Barnes,605131,1,0,1,False,2019-06-26,Stolen,2B,2019,2020,28.7,2020,28.7,2020,28.7,2020,28.7,2020,28.7,2020,28.7,2020,28.7,2020,28.7
65,65,65,65,65,65,65,65,1B,2B,Stolen Base 2B,502481,Jarrod Dyson,664062,Tony Gonsolin,641796,Tim Locastro,R,Austin Barnes,605131,6,2,4,False,2019-06-26,Stolen,2B,2019,2020,28.7,2020,28.7,2020,28.7,2020,28.7,2020,28.7,2020,28.7,2020,28.7,2020,28.7
66,66,66,66,66,66,66,66,1B,2B,Stolen Base 2B,500871,Eduardo Escobar,657571,Caleb Ferguson,571875,Jake Lamb,L,Austin Barnes,605131,6,2,5,False,2019-06-26,Stolen,2B,2019,2020,28.7,2020,28.7,2020,28.7,2020,28.7,2020,28.7,2020,28.7,2020,28.7,2020,28.7
67,67,67,67,67,67,67,67,1B,2B,Stolen Base 2B,641796,Tim Locastro,608638,JT Chargois,502481,Jarrod Dyson,R,Austin Barnes,605131,8,4,8,False,2019-06-24,Stolen,2B,2019,2020,28.7,2020,28.7,2020,28.7,2020,28.7,2020,28.7,2020,28.7,2020,28.7,2020,28.7
68,68,68,68,68,68,68,68,1B,2B,Stolen Base 2B,606132,Raimel Tapia,628317,Kenta Maeda,641658,Garrett Hampson,R,Austin Barnes,605131,0,2,5,True,2019-06-23,Stolen,2B,2019,2020,28.7,2020,28.7,2020,28.7,2020,28.7,2020,28.7,2020,28.7,2020,28.7,2020,28.7
69,69,69,69,69,69,69,69,1B,2B,Stolen Base 2B,641658,Garrett Hampson,445276,Kenley Jansen,621311,David Dahl,R,Austin Barnes,605131,3,3,9,True,2019-06-23,Stolen,2B,2019,2020,28.7,2020,28.7,2020,28.7,2020,28.7,2020,28.7,2020,28.7,2020,28.7,2020,28.7
70,70,70,70,70,70,70,70,3B,,Caught Stealing Home,519203,Anthony Rizzo,477132,Clayton Kershaw,608365,Addison Russell,L,Austin Barnes,605131,0,2,1,True,2019-06-13,Caught,Home,2019,2020,28.7,2020,28.7,2020,28.7,2020,28.7,2020,28.7,2020,28.7,2020,28.7,2020,28.7
71,71,71,71,71,71,71,71,1B,2B,Stolen Base 2B,660271,Shohei Ohtani,520980,Pedro Báez,594777,Kole Calhoun,R,Austin Barnes,605131,5,2,7,False,2019-06-11,Stolen,2B,2019,2020,28.7,2020,28.7,2020,28.7,2020,28.7,2020,28.7,2020,28.7,2020,28.7,2020,28.7
72,72,72,72,72,72,72,72,1B,2B,Stolen Base 2B,543063,Brandon Crawford,621111,Walker Buehler,621453,Steven Duggar,R,Austin Barnes,605131,0,1,2,False,2019-06-09,Stolen,2B,2019,2020,28.7,2020,28.7,2020,28.7,2020,28.7,2020,28.7,2020,28.7,2020,28.7,2020,28.7
73,73,73,73,73,73,73,73,1B,2B,Stolen Base 2B,621020,Dansby Swanson,477132,Clayton Kershaw,622666,Johan Camargo,L,Austin Barnes,605131,0,0,2,True,2019-05-08,Stolen,2B,2019,2020,28.7,2020,28.7,2020,28.7,2020,28.7,2020,28.7,2020,28.7,2020,28.7,2020,28.7
74,74,74,74,74,74,74,74,1B,2B,Stolen Base 2B,645277,Ozzie Albies,621111,Walker Buehler,518692,Freddie Freeman,R,Austin Barnes,605131,0,0,1,True,2019-05-06,Stolen,2B,2019,2020,28.7,2020,28.7,2020,28.7,2020,28.7,2020,28.7,2020,28.7,2020,28.7,2020,28.7
75,75,75,75,75,75,75,75,1B,2B,Stolen Base 2B,621020,Dansby Swanson,621111,Walker Buehler,435263,Brian McCann,R,Austin Barnes,605131,1,0,2,True,2019-05-06,Stolen,2B,2019,2020,28.7,2020,28.7,2020,28.7,2020,28.7,2020,28.7,2020,28.7,2020,28.7,2020,28.7
76,76,76,76,76,76,76,76,2B,3B,Stolen Base 3B,460075,Ryan Braun,445276,Kenley Jansen,519346,Eric Thames,R,Austin Barnes,605131,5,5,8,False,2019-04-21,Stolen,3B,2019,2020,28.7,2020,28.7,2020,28.7,2020,28.7,2020,28.7,2020,28.7,2020,28.7,2020,28.7
77,77,77,77,77,77,77,77,1B,2B,Stolen Base 2B,518735,Yasmani Grandal,445276,Kenley Jansen,519346,Eric Thames,R,Austin Barnes,605131,5,5,8,False,2019-04-21,Stolen,2B,2019,2020,28.7,2020,28.7,2020,28.7,2020,28.7,2020,28.7,2020,28.7,2020,28.7,2020,28.7
78,78,78,78,78,78,78,78,1B,,Caught Stealing 2B,592325,Ben Gamel,548389,Ross Stripling,606115,Orlando Arcia,R,Austin Barnes,605131,2,1,2,False,2019-04-19,Caught,2B,2019,2020,28.7,2020,28.7,2020,28.7,2020,28.7,2020,28.7,2020,28.7,2020,28.7,2020,28.7
79,79,79,79,79,79,79,79,1B,2B,Stolen Base 2B,541650,Hernán Pérez,523260,Joe Kelly,456715,Lorenzo Cain,R,Austin Barnes,605131,0,3,8,False,2019-04-18,Stolen,2B,2019,2020,28.7,2020,28.7,2020,28.7,2020,28.7,2020,28.7,2020,28.7,2020,28.7,2020,28.7
80,80,80,80,80,80,80,80,1B,2B,Stolen Base 2B,624577,Yasiel Puig,445276,Kenley Jansen,608385,Jesse Winker,R,Austin Barnes,605131,3,1,9,True,2019-04-17,Stolen,2B,2019,2020,28.7,2020,28.7,2020,28.7,2020,28.7,2020,28.7,2020,28.7,2020,28.7,2020,28.7
81,81,81,81,81,81,81,81,2B,3B,Stolen Base 3B,592885,Christian Yelich,445276,Kenley Jansen,542583,Jesús Aguilar,R,Austin Barnes,605131,5,8,9,True,2019-04-12,Stolen,3B,2019,2020,28.7,2020,28.7,2020,28.7,2020,28.7,2020,28.7,2020,28.7,2020,28.7,2020,28.7
82,82,82,82,82,82,82,82,2B,3B,Stolen Base 3B,542303,Marcell Ozuna,628317,Kenta Maeda,425877,Yadier Molina,R,Austin Barnes,605131,1,0,2,False,2019-04-10,Stolen,3B,2019,2020,28.7,2020,28.7,2020,28.7,2020,28.7,2020,28.7,2020,28.7,2020,28.7,2020,28.7
83,83,83,83,83,83,83,83,1B,2B,Stolen Base 2B,657557,Paul DeJong,608638,JT Chargois,542303,Marcell Ozuna,R,Austin Barnes,605131,4,0,7,False,2019-04-09,Stolen,2B,2019,2020,28.7,2020,28.7,2020,28.7,2020,28.7,2020,28.7,2020,28.7,2020,28.7,2020,28.7
84,84,84,84,84,84,84,84,1B,2B,Stolen Base 2B,643565,Mike Tauchman,477132,Clayton Kershaw,518934,DJ LeMahieu,L,Austin Barnes,605131,1,2,5,True,2019-08-25,Stolen,2B,2019,2020,28.7,2020,28.7,2020,28.7,2020,28.7,2020,28.7,2020,28.7,2020,28.7,2020,28.7
85,85,85,85,85,85,85,85,1B,2B,Stolen Base 2B,664058,David Fletcher,608638,JT Chargois,545361,Mike Trout,R,Austin Barnes,605131,1,3,6,True,2019-07-24,Stolen,2B,2019,2020,28.7,2020,28.7,2020,28.7,2020,28.7,2020,28.7,2020,28.7,2020,28.7,2020,28.7
86,86,86,86,86,86,86,86,1B,2B,Stolen Base 2B,543543,Brad Miller,608638,JT Chargois,664068,Scott Kingery,R,Austin Barnes,605131,7,5,8,False,2019-07-18,Stolen,2B,2019,2020,28.7,2020,28.7,2020,28.7,2020,28.7,2020,28.7,2020,28.7,2020,28.7,2020,28.7
87,87,87,87,87,87,87,87,1B,,Caught Stealing 2B,646240,Rafael Devers,548389,Ross Stripling,502110,J.D. Martinez,R,Austin Barnes,605131,0,1,1,False,2019-07-13,Caught,2B,2019,2020,28.7,2020,28.7,2020,28.7,2020,28.7,2020,28.7,2020,28.7,2020,28.7,2020,28.7
88,88,88,88,88,88,88,88,1B,2B,Stolen Base 2B,598265,Jackie Bradley Jr.,548389,Ross Stripling,605141,Mookie Betts,R,Austin Barnes,605131,0,2,3,False,2019-07-13,Stolen,2B,2019,2020,28.7,2020,28.7,2020,28.7,2020,28.7,2020,28.7,2020,28.7,2020,28.7,2020,28.7
89,89,89,89,89,89,89,89,1B,2B,Stolen Base 2B,605141,Mookie Betts,523260,Joe Kelly,593428,Xander Bogaerts,R,Austin Barnes,605131,2,5,6,False,2019-07-13,Stolen,2B,2019,2020,28.7,2020,28.7,2020,28.7,2020,28.7,2020,28.7,2020,28.7,2020,28.7,2020,28.7
90,90,90,90,90,90,90,90,1B,2B,Stolen Base 2B,502481,Jarrod Dyson,664062,Tony Gonsolin,641796,Tim Locastro,R,Austin Barnes,605131,0,0,1,False,2019-06-26,Stolen,2B,2019,2020,28.7,2020,28.7,2020,28.7,2020,28.7,2020,28.7,2020,28.7,2020,28.7,2020,28.7
91,91,91,91,91,91,91,91,1B,2B,Stolen Base 2B,641796,Tim Locastro,664062,Tony Gonsolin,444482,David Peralta,R,Austin Barnes,605131,1,0,1,False,2019-06-26,Stolen,2B,2019,2020,28.7,2020,28.7,2020,28.7,2020,28.7,2020,28.7,2020,28.7,2020,28.7,2020,28.7
92,92,92,92,92,92,92,92,1B,2B,Stolen Base 2B,502481,Jarrod Dyson,664062,Tony Gonsolin,641796,Tim Locastro,R,Austin Barnes,605131,6,2,4,False,2019-06-26,Stolen,2B,2019,2020,28.7,2020,28.7,2020,28.7,2020,28.7,2020,28.7,2020,28.7,2020,28.7,2020,28.7
93,93,93,93,93,93,93,93,1B,2B,Stolen Base 2B,500871,Eduardo Escobar,657571,Caleb Ferguson,571875,Jake Lamb,L,Austin Barnes,605131,6,2,5,False,2019-06-26,Stolen,2B,2019,2020,28.7,2020,28.7,2020,28.7,2020,28.7,2020,28.7,2020,28.7,2020,28.7,2020,28.7
94,94,94,94,94,94,94,94,1B,2B,Stolen Base 2B,641796,Tim Locastro,608638,JT Chargois,502481,Jarrod Dyson,R,Austin Barnes,605131,8,4,8,False,2019-06-24,Stolen,2B,2019,2020,28.7,2020,28.7,2020,28.7,2020,28.7,2020,28.7,2020,28.7,2020,28.7,2020,28.7
95,95,95,95,95,95,95,95,1B,2B,Stolen Base 2B,606132,Raimel Tapia,628317,Kenta Maeda,641658,Garrett Hampson,R,Austin Barnes,605131,0,2,5,True,2019-06-23,Stolen,2B,2019,2020,28.7,2020,28.7,2020,28.7,2020,28.7,2020,28.7,2020,28.7,2020,28.7,2020,28.7
96,96,96,96,96,96,96,96,1B,2B,Stolen Base 2B,641658,Garrett Hampson,445276,Kenley Jansen,621311,David Dahl,R,Austin Barnes,605131,3,3,9,True,2019-06-23,Stolen,2B,2019,2020,28.7,2020,28.7,2020,28.7,2020,28.7,2020,28.7,2020,28.7,2020,28.7,2020,28.7
97,97,97,97,97,97,97,97,3B,,Caught Stealing Home,519203,Anthony Rizzo,477132,Clayton Kershaw,608365,Addison Russell,L,Austin Barnes,605131,0,2,1,True,2019-06-13,Caught,Home,2019,2020,28.7,2020,28.7,2020,28.7,2020,28.7,2020,28.7,2020,28.7,2020,28.7,2020,28.7
98,98,98,98,98,98,98,98,1B,2B,Stolen Base 2B,660271,Shohei Ohtani,520980,Pedro Báez,594777,Kole Calhoun,R,Austin Barnes,605131,5,2,7,False,2019-06-11,Stolen,2B,2019,2020,28.7,2020,28.7,2020,28.7,2020,28.7,2020,28.7,2020,28.7,2020,28.7,2020,28.7
99,99,99,99,99,99,99,99,1B,2B,Stolen Base 2B,543063,Brandon Crawford,621111,Walker Buehler,621453,Steven Duggar,R,Austin Barnes,605131,0,1,2,False,2019-06-09,Stolen,2B,2019,2020,28.7,2020,28.7,2020,28.7,2020,28.7,2020,28.7,2020,28.7,2020,28.7,2020,28.7
100,100,100,100,100,100,100,100,1B,2B,Stolen Base 2B,621020,Dansby Swanson,477132,Clayton Kershaw,622666,Johan Camargo,L,Austin Barnes,605131,0,0,2,True,2019-05-08,Stolen,2B,2019,2020,28.7,2020,28.7,2020,28.7,2020,28.7,2020,28.7,2020,28.7,2020,28.7,2020,28.7
101,101,101,101,101,101,101,101,1B,2B,Stolen Base 2B,645277,Ozzie Albies,621111,Walker Buehler,518692,Freddie Freeman,R,Austin Barnes,605131,0,0,1,True,2019-05-06,Stolen,2B,2019,2020,28.7,2020,28.7,2020,28.7,2020,28.7,2020,28.7,2020,28.7,2020,28.7,2020,28.7
102,102,102,102,102,102,102,102,1B,2B,Stolen Base 2B,621020,Dansby Swanson,621111,Walker Buehler,435263,Brian McCann,R,Austin Barnes,605131,1,0,2,True,2019-05-06,Stolen,2B,2019,2020,28.7,2020,28.7,2020,28.7,2020,28.7,2020,28.7,2020,28.7,2020,28.7,2020,28.7
103,103,103,103,103,103,103,103,2B,3B,Stolen Base 3B,460075,Ryan Braun,445276,Kenley Jansen,519346,Eric Thames,R,Austin Barnes,605131,5,5,8,False,2019-04-21,Stolen,3B,2019,2020,28.7,2020,28.7,2020,28.7,2020,28.7,2020,28.7,2020,28.7,2020,28.7,2020,28.7
104,104,104,104,104,104,104,104,1B,2B,Stolen Base 2B,518735,Yasmani Grandal,445276,Kenley Jansen,519346,Eric Thames,R,Austin Barnes,605131,5,5,8,False,2019-04-21,Stolen,2B,2019,2020,28.7,2020,28.7,2020,28.7,2020,28.7,2020,28.7,2020,28.7,2020,28.7,2020,28.7
105,105,105,105,105,105,105,105,1B,,Caught Stealing 2B,592325,Ben Gamel,548389,Ross Stripling,606115,Orlando Arcia,R,Austin Barnes,605131,2,1,2,False,2019-04-19,Caught,2B,2019,2020,28.7,2020,28.7,2020,28.7,2020,28.7,2020,28.7,2020,28.7,2020,28.7,2020,28.7
106,106,106,106,106,106,106,106,1B,2B,Stolen Base 2B,541650,Hernán Pérez,523260,Joe Kelly,456715,Lorenzo Cain,R,Austin Barnes,605131,0,3,8,False,2019-04-18,Stolen,2B,2019,2020,28.7,2020,28.7,2020,28.7,2020,28.7,2020,28.7,2020,28.7,2020,28.7,2020,28.7
107,107,107,107,107,107,107,107,1B,2B,Stolen Base 2B,624577,Yasiel Puig,445276,Kenley Jansen,608385,Jesse Winker,R,Austin Barnes,605131,3,1,9,True,2019-04-17,Stolen,2B,2019,2020,28.7,2020,28.7,2020,28.7,2020,28.7,2020,28.7,2020,28.7,2020,28.7,2020,28.7
108,108,108,108,108,108,108,108,2B,3B,Stolen Base 3B,592885,Christian Yelich,445276,Kenley Jansen,542583,Jesús Aguilar,R,Austin Barnes,605131,5,8,9,True,2019-04-12,Stolen,3B,2019,2020,28.7,2020,28.7,2020,28.7,2020,28.7,2020,28.7,2020,28.7,2020,28.7,2020,28.7
109,109,109,109,109,109,109,109,2B,3B,Stolen Base 3B,542303,Marcell Ozuna,628317,Kenta Maeda,425877,Yadier Molina,R,Austin Barnes,605131,1,0,2,False,2019-04-10,Stolen,3B,2019,2020,28.7,2020,28.7,2020,28.7,2020,28.7,2020,28.7,2020,28.7,2020,28.7,2020,28.7
110,110,110,110,110,110,110,110,1B,2B,Stolen Base 2B,657557,Paul DeJong,608638,JT Chargois,542303,Marcell Ozuna,R,Austin Barnes,605131,4,0,7,False,2019-04-09,Stolen,2B,2019,2020,28.7,2020,28.7,2020,28.7,2020,28.7,2020,28.7,2020,28.7,2020,28.7,2020,28.7
111,111,111,111,111,111,111,111,1B,2B,Stolen Base 2B,643565,Mike Tauchman,477132,Clayton Kershaw,518934,DJ LeMahieu,L,Austin Barnes,605131,1,2,5,True,2019-08-25,Stolen,2B,2019,2020,28.7,2020,28.7,2020,28.7,2020,28.7,2020,28.7,2020,28.7,2020,28.7,2020,28.7
112,112,112,112,112,112,112,112,1B,2B,Stolen Base 2B,664058,David Fletcher,608638,JT Chargois,545361,Mike Trout,R,Austin Barnes,605131,1,3,6,True,2019-07-24,Stolen,2B,2019,2020,28.7,2020,28.7,2020,28.7,2020,28.7,2020,28.7,2020,28.7,2020,28.7,2020,28.7
113,113,113,113,113,113,113,113,1B,2B,Stolen Base 2B,543543,Brad Miller,608638,JT Chargois,664068,Scott Kingery,R,Austin Barnes,605131,7,5,8,False,2019-07-18,Stolen,2B,2019,2020,28.7,2020,28.7,2020,28.7,2020,28.7,2020,28.7,2020,28.7,2020,28.7,2020,28.7
114,114,114,114,114,114,114,114,1B,,Caught Stealing 2B,646240,Rafael Devers,548389,Ross Stripling,502110,J.D. Martinez,R,Austin Barnes,605131,0,1,1,False,2019-07-13,Caught,2B,2019,2020,28.7,2020,28.7,2020,28.7,2020,28.7,2020,28.7,2020,28.7,2020,28.7,2020,28.7
115,115,115,115,115,115,115,115,1B,2B,Stolen Base 2B,598265,Jackie Bradley Jr.,548389,Ross Stripling,605141,Mookie Betts,R,Austin Barnes,605131,0,2,3,False,2019-07-13,Stolen,2B,2019,2020,28.7,2020,28.7,2020,28.7,2020,28.7,2020,28.7,2020,28.7,2020,28.7,2020,28.7
116,116,116,116,116,116,116,116,1B,2B,Stolen Base 2B,605141,Mookie Betts,523260,Joe Kelly,593428,Xander Bogaerts,R,Austin Barnes,605131,2,5,6,False,2019-07-13,Stolen,2B,2019,2020,28.7,2020,28.7,2020,28.7,2020,28.7,2020,28.7,2020,28.7,2020,28.7,2020,28.7
117,117,117,117,117,117,117,117,1B,2B,Stolen Base 2B,502481,Jarrod Dyson,664062,Tony Gonsolin,641796,Tim Locastro,R,Austin Barnes,605131,0,0,1,False,2019-06-26,Stolen,2B,2019,2020,28.7,2020,28.7,2020,28.7,2020,28.7,2020,28.7,2020,28.7,2020,28.7,2020,28.7
118,118,118,118,118,118,118,118,1B,2B,Stolen Base 2B,641796,Tim Locastro,664062,Tony Gonsolin,444482,David Peralta,R,Austin Barnes,605131,1,0,1,False,2019-06-26,Stolen,2B,2019,2020,28.7,2020,28.7,2020,28.7,2020,28.7,2020,28.7,2020,28.7,2020,28.7,2020,28.7
119,119,119,119,119,119,119,119,1B,2B,Stolen Base 2B,502481,Jarrod Dyson,664062,Tony Gonsolin,641796,Tim Locastro,R,Austin Barnes,605131,6,2,4,False,2019-06-26,Stolen,2B,2019,2020,28.7,2020,28.7,2020,28.7,2020,28.7,2020,28.7,2020,28.7,2020,28.7,2020,28.7
120,120,120,120,120,120,120,120,1B,2B,Stolen Base 2B,500871,Eduardo Escobar,657571,Caleb Ferguson,571875,Jake Lamb,L,Austin Barnes,605131,6,2,5,False,2019-06-26,Stolen,2B,2019,2020,28.7,2020,28.7,2020,28.7,2020,28.7,2020,28.7,2020,28.7,2020,28.7,2020,28.7
121,121,121,121,121,121,121,121,1B,2B,Stolen Base 2B,641796,Tim Locastro,608638,JT Chargois,502481,Jarrod Dyson,R,Austin Barnes,605131,8,4,8,False,2019-06-24,Stolen,2B,2019,2020,28.7,2020,28.7,2020,28.7,2020,28.7,2020,28.7,2020,28.7,2020,28.7,2020,28.7
122,122,122,122,122,122,122,122,1B,2B,Stolen Base 2B,606132,Raimel Tapia,628317,Kenta Maeda,641658,Garrett Hampson,R,Austin Barnes,605131,0,2,5,True,2019-06-23,Stolen,2B,2019,2020,28.7,2020,28.7,2020,28.7,2020,28.7,2020,28.7,2020,28.7,2020,28.7,2020,28.7
123,123,123,123,123,123,123,123,1B,2B,Stolen Base 2B,641658,Garrett Hampson,445276,Kenley Jansen,621311,David Dahl,R,Austin Barnes,605131,3,3,9,True,2019-06-23,Stolen,2B,2019,2020,28.7,2020,28.7,2020,28.7,2020,28.7,2020,28.7,2020,28.7,2020,28.7,2020,28.7
124,124,124,124,124,124,124,124,3B,,Caught Stealing Home,519203,Anthony Rizzo,477132,Clayton Kershaw,608365,Addison Russell,L,Austin Barnes,605131,0,2,1,True,2019-06-13,Caught,Home,2019,2020,28.7,2020,28.7,2020,28.7,2020,28.7,2020,28.7,2020,28.7,2020,28.7,2020,28.7
125,125,125,125,125,125,125,125,1B,2B,Stolen Base 2B,660271,Shohei Ohtani,520980,Pedro Báez,594777,Kole Calhoun,R,Austin Barnes,605131,5,2,7,False,2019-06-11,Stolen,2B,2019,2020,28.7,2020,28.7,2020,28.7,2020,28.7,2020,28.7,2020,28.7,2020,28.7,2020,28.7
126,126,126,126,126,126,126,126,1B,2B,Stolen Base 2B,543063,Brandon Crawford,621111,Walker Buehler,621453,Steven Duggar,R,Austin Barnes,605131,0,1,2,False,2019-06-09,Stolen,2B,2019,2020,28.7,2020,28.7,2020,28.7,2020,28.7,2020,28.7,2020,28.7,2020,28.7,2020,28.7
127,127,127,127,127,127,127,127,1B,2B,Stolen Base 2B,621020,Dansby Swanson,477132,Clayton Kershaw,622666,Johan Camargo,L,Austin Barnes,605131,0,0,2,True,2019-05-08,Stolen,2B,2019,2020,28.7,2020,28.7,2020,28.7,2020,28.7,2020,28.7,2020,28.7,2020,28.7,2020,28.7
128,128,128,128,128,128,128,128,1B,2B,Stolen Base 2B,645277,Ozzie Albies,621111,Walker Buehler,518692,Freddie Freeman,R,Austin Barnes,605131,0,0,1,True,2019-05-06,Stolen,2B,2019,2020,28.7,2020,28.7,2020,28.7,2020,28.7,2020,28.7,2020,28.7,2020,28.7,2020,28.7
129,129,129,129,129,129,129,129,1B,2B,Stolen Base 2B,621020,Dansby Swanson,621111,Walker Buehler,435263,Brian McCann,R,Austin Barnes,605131,1,0,2,True,2019-05-06,Stolen,2B,2019,2020,28.7,2020,28.7,2020,28.7,2020,28.7,2020,28.7,2020,28.7,2020,28.7,2020,28.7
130,130,130,130,130,130,130,130,2B,3B,Stolen Base 3B,460075,Ryan Braun,445276,Kenley Jansen,519346,Eric Thames,R,Austin Barnes,605131,5,5,8,False,2019-04-21,Stolen,3B,2019,2020,28.7,2020,28.7,2020,28.7,2020,28.7,2020,28.7,2020,28.7,2020,28.7,2020,28.7
131,131,131,131,131,131,131,131,1B,2B,Stolen Base 2B,518735,Yasmani Grandal,445276,Kenley Jansen,519346,Eric Thames,R,Austin Barnes,605131,5,5,8,False,2019-04-21,Stolen,2B,2019,2020,28.7,2020,28.7,2020,28.7,2020,28.7,2020,28.7,2020,28.7,2020,28.7,2020,28.7
132,132,132,132,132,132,132,132,1B,,Caught Stealing 2B,592325,Ben Gamel,548389,Ross Stripling,606115,Orlando Arcia,R,Austin Barnes,605131,2,1,2,False,2019-04-19,Caught,2B,2019,2020,28.7,2020,28.7,2020,28.7,2020,28.7,2020,28.7,2020,28.7,2020,28.7,2020,28.7
133,133,133,133,133,133,133,133,1B,2B,Stolen Base 2B,541650,Hernán Pérez,523260,Joe Kelly,456715,Lorenzo Cain,R,Austin Barnes,605131,0,3,8,False,2019-04-18,Stolen,2B,2019,2020,28.7,2020,28.7,2020,28.7,2020,28.7,2020,28.7,2020,28.7,2020,28.7,2020,28.7
134,134,134,134,134,134,134,134,1B,2B,Stolen Base 2B,624577,Yasiel Puig,445276,Kenley Jansen,608385,Jesse Winker,R,Austin Barnes,605131,3,1,9,True,2019-04-17,Stolen,2B,2019,2020,28.7,2020,28.7,2020,28.7,2020,28.7,2020,28.7,2020,28.7,2020,28.7,2020,28.7
135,135,135,135,135,135,135,135,2B,3B,Stolen Base 3B,592885,Christian Yelich,445276,Kenley Jansen,542583,Jesús Aguilar,R,Austin Barnes,605131,5,8,9,True,2019-04-12,Stolen,3B,2019,2020,28.7,2020,28.7,2020,28.7,2020,28.7,2020,28.7,2020,28.7,2020,28.7,2020,28.7
136,136,136,136,136,136,136,136,2B,3B,Stolen Base 3B,542303,Marcell Ozuna,628317,Kenta Maeda,425877,Yadier Molina,R,Austin Barnes,605131,1,0,2,False,2019-04-10,Stolen,3B,2019,2020,28.7,2020,28.7,2020,28.7,2020,28.7,2020,28.7,2020,28.7,2020,28.7,2020,28.7
137,137,137,137,137,137,137,137,1B,2B,Stolen Base 2B,657557,Paul DeJong,608638,JT Chargois,542303,Marcell Ozuna,R,Austin Barnes,605131,4,0,7,False,2019-04-09,Stolen,2B,2019,2020,28.7,2020,28.7,2020,28.7,2020,28.7,2020,28.7,2020,28.7,2020,28.7,2020,28.7
138,138,138,138,138,138,138,138,1B,2B,Stolen Base 2B,657557,Paul DeJong,608349,Corey Knebel,668800,Andrew Knizner,R,Austin Barnes,605131,1,1,4,False,2021-09-09,Stolen,2B,2021,2022,28.2,2022,28.2,2022,28.2,2022,28.2,2022,28.2,2022,28.2,2022,28.2,2022,28.2
139,139,139,139,139,139,139,139,1B,2B,Stolen Base 2B,596103,Austin Slater,572888,Shane Greene,457763,Buster Posey,R,Austin Barnes,605131,1,0,5,False,2021-09-03,Stolen,2B,2021,2022,28.2,2022,28.2,2022,28.2,2022,28.2,2022,28.2,2022,28.2,2022,28.2,2022,28.2
140,140,140,140,140,140,140,140,1B,2B,Stolen Base 2B,656541,Sam Hilliard,669952,Mitch White,624513,Dom Nuñez,R,Austin Barnes,605131,0,3,4,True,2021-08-29,Stolen,2B,2021,2022,28.2,2022,28.2,2022,28.2,2022,28.2,2022,28.2,2022,28.2,2022,28.2,2022,28.2
141,141,141,141,141,141,141,141,1B,2B,Stolen Base 2B,591720,Ronald Torreyes,669952,Mitch White,608671,Travis Jankowski,R,Austin Barnes,605131,2,0,4,False,2021-08-12,Stolen,2B,2021,2022,28.2,2022,28.2,2022,28.2,2022,28.2,2022,28.2,2022,28.2,2022,28.2,2022,28.2
142,142,142,142,142,142,142,142,1B,,Caught Stealing 2B,501571,Juan Lagares,456034,David Price,663776,Patrick Sandoval,L,Austin Barnes,605131,2,1,5,True,2021-08-06,Caught,2B,2021,2022,28.2,2022,28.2,2022,28.2,2022,28.2,2022,28.2,2022,28.2,2022,28.2,2022,28.2
143,143,143,143,143,143,143,143,1B,2B,Stolen Base 2B,664058,David Fletcher,641360,Phil Bickford,594838,Phil Gosselin,R,Austin Barnes,605131,2,2,6,True,2021-08-06,Stolen,2B,2021,2022,28.2,2022,28.2,2022,28.2,2022,28.2,2022,28.2,2022,28.2,2022,28.2,2022,28.2
144,144,144,144,144,144,144,144,1B,2B,Stolen Base 2B,608686,Jack Mayfield,595014,Blake Treinen,664058,David Fletcher,R,Austin Barnes,605131,2,2,8,True,2021-08-06,Stolen,2B,2021,2022,28.2,2022,28.2,2022,28.2,2022,28.2,2022,28.2,2022,28.2,2022,28.2,2022,28.2
145,145,145,145,145,145,145,145,3B,,Caught Stealing Home,660271,Shohei Ohtani,660813,Brusdar Graterol,664058,David Fletcher,R,Austin Barnes,605131,2,4,10,True,2021-08-06,Caught,Home,2021,2022,28.2,2022,28.2,2022,28.2,2022,28.2,2022,28.2,2022,28.2,2022,28.2,2022,28.2
146,146,146,146,146,146,146,146,1B,2B,Caught Stealing Home,608686,Jack Mayfield,660813,Brusdar Graterol,664058,David Fletcher,R,Austin Barnes,605131,2,4,10,True,2021-08-06,Caught,Home,2021,2022,28.2,2022,28.2,2022,28.2,2022,28.2,2022,28.2,2022,28.2,2022,28.2,2022,28.2
147,147,147,147,147,147,147,147,1B,2B,Stolen Base 2B,596103,Austin Slater,681911,Alex Vesia,573262,Mike Yastrzemski,L,Austin Barnes,605131,4,0,6,False,2021-07-29,Stolen,2B,2021,2022,28.2,2022,28.2,2022,28.2,2022,28.2,2022,28.2,2022,28.2,2022,28.2,2022,28.2
148,148,148,148,148,148,148,148,1B,2B,Stolen Base 2B,542932,Jon Berti,669952,Mitch White,665862,Jazz Chisholm Jr.,R,Austin Barnes,605131,4,5,5,False,2021-07-07,Stolen,2B,2021,2022,28.2,2022,28.2,2022,28.2,2022,28.2,2022,28.2,2022,28.2,2022,28.2,2022,28.2
149,149,149,149,149,149,149,149,2B,3B,Stolen Base 3B,642423,Magneuris Sierra,445276,Kenley Jansen,500743,Miguel Rojas,R,Austin Barnes,605131,5,5,8,False,2021-07-07,Stolen,3B,2021,2022,28.2,2022,28.2,2022,28.2,2022,28.2,2022,28.2,2022,28.2,2022,28.2,2022,28.2
150,150,150,150,150,150,150,150,1B,,Caught Stealing 2B,575929,Willson Contreras,621111,Walker Buehler,542364,Rafael Ortega,R,Austin Barnes,605131,0,1,4,True,2021-06-24,Caught,2B,2021,2022,28.2,2022,28.2,2022,28.2,2022,28.2,2022,28.2,2022,28.2,2022,28.2,2022,28.2
151,151,151,151,151,151,151,151,1B,2B,Stolen Base 2B,592178,Kris Bryant,621111,Walker Buehler,519203,Anthony Rizzo,R,Austin Barnes,605131,0,1,6,True,2021-06-24,Stolen,2B,2021,2022,28.2,2022,28.2,2022,28.2,2022,28.2,2022,28.2,2022,28.2,2022,28.2,2022,28.2
152,152,152,152,152,152,152,152,2B,3B,Stolen Base 3B,643396,Isiah Kiner-Falefa,621111,Walker Buehler,663993,Nathaniel Lowe,R,Austin Barnes,605131,0,0,1,True,2021-06-13,Stolen,3B,2021,2022,28.2,2022,28.2,2022,28.2,2022,28.2,2022,28.2,2022,28.2,2022,28.2,2022,28.2
153,153,153,153,153,153,153,153,1B,2B,Stolen Base 2B,608336,Joey Gallo,621111,Walker Buehler,663993,Nathaniel Lowe,R,Austin Barnes,605131,0,0,1,True,2021-06-13,Stolen,2B,2021,2022,28.2,2022,28.2,2022,28.2,2022,28.2,2022,28.2,2022,28.2,2022,28.2,2022,28.2
154,154,154,154,154,154,154,154,1B,2B,Stolen Base 2B,660670,Ronald Acuña Jr.,595014,Blake Treinen,518692,Freddie Freeman,R,Austin Barnes,605131,6,4,7,False,2021-06-05,Stolen,2B,2021,2022,28.2,2022,28.2,2022,28.2,2022,28.2,2022,28.2,2022,28.2,2022,28.2,2022,28.2
155,155,155,155,155,155,155,155,2B,3B,Stolen Base 3B,660670,Ronald Acuña Jr.,595014,Blake Treinen,663586,Austin Riley,R,Austin Barnes,605131,6,4,7,False,2021-06-05,Stolen,3B,2021,2022,28.2,2022,28.2,2022,28.2,2022,28.2,2022,28.2,2022,28.2,2022,28.2,2022,28.2
156,156,156,156,156,156,156,156,1B,2B,Stolen Base 2B,518692,Freddie Freeman,595014,Blake Treinen,663586,Austin Riley,R,Austin Barnes,605131,6,4,7,False,2021-06-05,Stolen,2B,2021,2022,28.2,2022,28.2,2022,28.2,2022,28.2,2022,28.2,2022,28.2,2022,28.2,2022,28.2
157,157,157,157,157,157,157,157,1B,,Caught Stealing 2B,444482,David Peralta,477132,Clayton Kershaw,605113,Nick Ahmed,L,Austin Barnes,605131,0,2,4,True,2021-05-19,Caught,2B,2021,2022,28.2,2022,28.2,2022,28.2,2022,28.2,2022,28.2,2022,28.2,2022,28.2,2022,28.2
158,158,158,158,158,158,158,158,1B,2B,Stolen Base 2B,605119,Brian Anderson,519076,Jimmy Nelson,595453,Chad Wallach,R,Austin Barnes,605131,0,0,2,True,2021-05-16,Stolen,2B,2021,2022,28.2,2022,28.2,2022,28.2,2022,28.2,2022,28.2,2022,28.2,2022,28.2,2022,28.2
159,159,159,159,159,159,159,159,1B,2B,Stolen Base 2B,665862,Jazz Chisholm Jr.,670955,Edwin Uceta,572816,Corey Dickerson,R,Austin Barnes,605131,2,3,7,True,2021-05-16,Stolen,2B,2021,2022,28.2,2022,28.2,2022,28.2,2022,28.2,2022,28.2,2022,28.2,2022,28.2,2022,28.2
160,160,160,160,160,160,160,160,1B,2B,Stolen Base 2B,545350,Jake Marisnick,477132,Clayton Kershaw,545121,Ildemaro Vargas,L,Austin Barnes,605131,4,0,1,False,2021-05-04,Stolen,2B,2021,2022,28.2,2022,28.2,2022,28.2,2022,28.2,2022,28.2,2022,28.2,2022,28.2,2022,28.2
161,161,161,161,161,161,161,161,1B,2B,Stolen Base 2B,545121,Ildemaro Vargas,642701,Dennis Santana,543294,Kyle Hendricks,R,Austin Barnes,605131,6,0,3,False,2021-05-04,Stolen,2B,2021,2022,28.2,2022,28.2,2022,28.2,2022,28.2,2022,28.2,2022,28.2,2022,28.2,2022,28.2
162,162,162,162,162,162,162,162,1B,2B,Stolen Base 2B,545350,Jake Marisnick,477132,Clayton Kershaw,545121,Ildemaro Vargas,L,Austin Barnes,605131,4,0,1,False,2021-05-03,Stolen,2B,2021,2022,28.2,2022,28.2,2022,28.2,2022,28.2,2022,28.2,2022,28.2,2022,28.2,2022,28.2
163,163,163,163,163,163,163,163,1B,2B,Stolen Base 2B,545121,Ildemaro Vargas,642701,Dennis Santana,543294,Kyle Hendricks,R,Austin Barnes,605131,6,0,3,False,2021-05-03,Stolen,2B,2021,2022,28.2,2022,28.2,2022,28.2,2022,28.2,2022,28.2,2022,28.2,2022,28.2,2022,28.2
164,164,164,164,164,164,164,164,1B,2B,Stolen Base 2B,669222,Nick Senzel,477132,Clayton Kershaw,608385,Jesse Winker,L,Austin Barnes,605131,0,0,1,True,2021-04-28,Stolen,2B,2021,2022,28.2,2022,28.2,2022,28.2,2022,28.2,2022,28.2,2022,28.2,2022,28.2,2022,28.2
165,165,165,165,165,165,165,165,2B,,Caught Stealing 3B,669222,Nick Senzel,477132,Clayton Kershaw,592206,Nick Castellanos,L,Austin Barnes,605131,0,0,1,True,2021-04-28,Caught,3B,2021,2022,28.2,2022,28.2,2022,28.2,2022,28.2,2022,28.2,2022,28.2,2022,28.2,2022,28.2
166,166,166,166,166,166,166,166,1B,2B,Stolen Base 2B,630105,Jake Cronenworth,669160,Dustin May,622761,Jorge Mateo,R,Austin Barnes,605131,2,1,5,True,2021-04-25,Stolen,2B,2021,2022,28.2,2022,28.2,2022,28.2,2022,28.2,2022,28.2,2022,28.2,2022,28.2,2022,28.2
167,167,167,167,167,167,167,167,1B,2B,Stolen Base 2B,665487,Fernando Tatis Jr.,669160,Dustin May,663757,Trent Grisham,R,Austin Barnes,605131,2,1,6,True,2021-04-25,Stolen,2B,2021,2022,28.2,2022,28.2,2022,28.2,2022,28.2,2022,28.2,2022,28.2,2022,28.2,2022,28.2
168,168,168,168,168,168,168,168,1B,2B,Stolen Base 2B,592518,Manny Machado,519076,Jimmy Nelson,543333,Eric Hosmer,R,Austin Barnes,605131,7,7,9,True,2021-04-25,Stolen,2B,2021,2022,28.2,2022,28.2,2022,28.2,2022,28.2,2022,28.2,2022,28.2,2022,28.2,2022,28.2
169,169,169,169,169,169,169,169,1B,2B,Stolen Base 2B,605170,Victor Caratini,519076,Jimmy Nelson,665487,Fernando Tatis Jr.,R,Austin Barnes,605131,7,7,10,True,2021-04-25,Stolen,2B,2021,2022,28.2,2022,28.2,2022,28.2,2022,28.2,2022,28.2,2022,28.2,2022,28.2,2022,28.2
170,170,170,170,170,170,170,170,2B,3B,Stolen Base 3B,665487,Fernando Tatis Jr.,664076,Garrett Cleavinger,592518,Manny Machado,L,Austin Barnes,605131,7,7,11,True,2021-04-25,Stolen,3B,2021,2022,28.2,2022,28.2,2022,28.2,2022,28.2,2022,28.2,2022,28.2,2022,28.2,2022,28.2
171,171,171,171,171,171,171,171,1B,2B,Stolen Base 2B,663757,Trent Grisham,664076,Garrett Cleavinger,592518,Manny Machado,L,Austin Barnes,605131,7,7,11,True,2021-04-25,Stolen,2B,2021,2022,28.2,2022,28.2,2022,28.2,2022,28.2,2022,28.2,2022,28.2,2022,28.2,2022,28.2
172,172,172,172,172,172,172,172,1B,2B,Stolen Base 2B,595777,Jurickson Profar,642701,Dennis Santana,665487,Fernando Tatis Jr.,R,Austin Barnes,605131,1,6,9,True,2021-04-23,Stolen,2B,2021,2022,28.2,2022,28.2,2022,28.2,2022,28.2,2022,28.2,2022,28.2,2022,28.2,2022,28.2
173,173,173,173,173,173,173,173,1B,2B,Stolen Base 2B,664238,Dylan Moore,624647,Victor González,641487,J.P. Crawford,L,Austin Barnes,605131,0,1,8,False,2021-04-20,Stolen,2B,2021,2022,28.2,2022,28.2,2022,28.2,2022,28.2,2022,28.2,2022,28.2,2022,28.2,2022,28.2
174,174,174,174,174,174,174,174,1B,2B,Stolen Base 2B,663757,Trent Grisham,477132,Clayton Kershaw,592518,Manny Machado,L,Austin Barnes,605131,0,1,6,False,2021-04-17,Stolen,2B,2021,2022,28.2,2022,28.2,2022,28.2,2022,28.2,2022,28.2,2022,28.2,2022,28.2,2022,28.2
175,175,175,175,175,175,175,175,1B,2B,Stolen Base 2B,607208,Trea Turner,477132,Clayton Kershaw,665742,Juan Soto,L,Austin Barnes,605131,1,0,3,True,2021-04-11,Stolen,2B,2021,2022,28.2,2022,28.2,2022,28.2,2022,28.2,2022,28.2,2022,28.2,2022,28.2,2022,28.2
176,176,176,176,176,176,176,176,1B,2B,Stolen Base 2B,643393,Tony Kemp,595014,Blake Treinen,592192,Mark Canha,R,Austin Barnes,605131,1,4,8,False,2021-04-06,Stolen,2B,2021,2022,28.2,2022,28.2,2022,28.2,2022,28.2,2022,28.2,2022,28.2,2022,28.2,2022,28.2
177,177,177,177,177,177,177,177,1B,2B,Stolen Base 2B,657656,Ramón Laureano,445276,Kenley Jansen,656305,Matt Chapman,R,Austin Barnes,605131,1,5,9,False,2021-04-06,Stolen,2B,2021,2022,28.2,2022,28.2,2022,28.2,2022,28.2,2022,28.2,2022,28.2,2022,28.2,2022,28.2
178,178,178,178,178,178,178,178,1B,2B,Stolen Base 2B,572008,Chris Owings,477132,Clayton Kershaw,641658,Garrett Hampson,L,Austin Barnes,605131,5,4,6,False,2021-04-01,Stolen,2B,2021,2022,28.2,2022,28.2,2022,28.2,2022,28.2,2022,28.2,2022,28.2,2022,28.2,2022,28.2
179,179,179,179,179,179,179,179,1B,2B,Stolen Base 2B,572008,Chris Owings,518397,Scott Alexander,641658,Garrett Hampson,L,Austin Barnes,605131,8,4,7,False,2021-04-01,Stolen,2B,2021,2022,28.2,2022,28.2,2022,28.2,2022,28.2,2022,28.2,2022,28.2,2022,28.2,2022,28.2
180,180,180,180,180,180,180,180,1B,2B,Stolen Base 2B,657557,Paul DeJong,608349,Corey Knebel,668800,Andrew Knizner,R,Austin Barnes,605131,1,1,4,False,2021-09-09,Stolen,2B,2021,2022,28.2,2022,28.2,2022,28.2,2022,28.2,2022,28.2,2022,28.2,2022,28.2,2022,28.2
181,181,181,181,181,181,181,181,1B,2B,Stolen Base 2B,596103,Austin Slater,572888,Shane Greene,457763,Buster Posey,R,Austin Barnes,605131,1,0,5,False,2021-09-03,Stolen,2B,2021,2022,28.2,2022,28.2,2022,28.2,2022,28.2,2022,28.2,2022,28.2,2022,28.2,2022,28.2
182,182,182,182,182,182,182,182,1B,2B,Stolen Base 2B,656541,Sam Hilliard,669952,Mitch White,624513,Dom Nuñez,R,Austin Barnes,605131,0,3,4,True,2021-08-29,Stolen,2B,2021,2022,28.2,2022,28.2,2022,28.2,2022,28.2,2022,28.2,2022,28.2,2022,28.2,2022,28.2
183,183,183,183,183,183,183,183,1B,2B,Stolen Base 2B,591720,Ronald Torreyes,669952,Mitch White,608671,Travis Jankowski,R,Austin Barnes,605131,2,0,4,False,2021-08-12,Stolen,2B,2021,2022,28.2,2022,28.2,2022,28.2,2022,28.2,2022,28.2,2022,28.2,2022,28.2,2022,28.2
184,184,184,184,184,184,184,184,1B,,Caught Stealing 2B,501571,Juan Lagares,456034,David Price,663776,Patrick Sandoval,L,Austin Barnes,605131,2,1,5,True,2021-08-06,Caught,2B,2021,2022,28.2,2022,28.2,2022,28.2,2022,28.2,2022,28.2,2022,28.2,2022,28.2,2022,28.2
185,185,185,185,185,185,185,185,1B,2B,Stolen Base 2B,664058,David Fletcher,641360,Phil Bickford,594838,Phil Gosselin,R,Austin Barnes,605131,2,2,6,True,2021-08-06,Stolen,2B,2021,2022,28.2,2022,28.2,2022,28.2,2022,28.2,2022,28.2,2022,28.2,2022,28.2,2022,28.2
186,186,186,186,186,186,186,186,1B,2B,Stolen Base 2B,608686,Jack Mayfield,595014,Blake Treinen,664058,David Fletcher,R,Austin Barnes,605131,2,2,8,True,2021-08-06,Stolen,2B,2021,2022,28.2,2022,28.2,2022,28.2,2022,28.2,2022,28.2,2022,28.2,2022,28.2,2022,28.2
187,187,187,187,187,187,187,187,3B,,Caught Stealing Home,660271,Shohei Ohtani,660813,Brusdar Graterol,664058,David Fletcher,R,Austin Barnes,605131,2,4,10,True,2021-08-06,Caught,Home,2021,2022,28.2,2022,28.2,2022,28.2,2022,28.2,2022,28.2,2022,28.2,2022,28.2,2022,28.2
188,188,188,188,188,188,188,188,1B,2B,Caught Stealing Home,608686,Jack Mayfield,660813,Brusdar Graterol,664058,David Fletcher,R,Austin Barnes,605131,2,4,10,True,2021-08-06,Caught,Home,2021,2022,28.2,2022,28.2,2022,28.2,2022,28.2,2022,28.2,2022,28.2,2022,28.2,2022,28.2
189,189,189,189,189,189,189,189,1B,2B,Stolen Base 2B,596103,Austin Slater,681911,Alex Vesia,573262,Mike Yastrzemski,L,Austin Barnes,605131,4,0,6,False,2021-07-29,Stolen,2B,2021,2022,28.2,2022,28.2,2022,28.2,2022,28.2,2022,28.2,2022,28.2,2022,28.2,2022,28.2
190,190,190,190,190,190,190,190,1B,2B,Stolen Base 2B,542932,Jon Berti,669952,Mitch White,665862,Jazz Chisholm Jr.,R,Austin Barnes,605131,4,5,5,False,2021-07-07,Stolen,2B,2021,2022,28.2,2022,28.2,2022,28.2,2022,28.2,2022,28.2,2022,28.2,2022,28.2,2022,28.2
191,191,191,191,191,191,191,191,2B,3B,Stolen Base 3B,642423,Magneuris Sierra,445276,Kenley Jansen,500743,Miguel Rojas,R,Austin Barnes,605131,5,5,8,False,2021-07-07,Stolen,3B,2021,2022,28.2,2022,28.2,2022,28.2,2022,28.2,2022,28.2,2022,28.2,2022,28.2,2022,28.2
192,192,192,192,192,192,192,192,1B,,Caught Stealing 2B,575929,Willson Contreras,621111,Walker Buehler,542364,Rafael Ortega,R,Austin Barnes,605131,0,1,4,True,2021-06-24,Caught,2B,2021,2022,28.2,2022,28.2,2022,28.2,2022,28.2,2022,28.2,2022,28.2,2022,28.2,2022,28.2
193,193,193,193,193,193,193,193,1B,2B,Stolen Base 2B,592178,Kris Bryant,621111,Walker Buehler,519203,Anthony Rizzo,R,Austin Barnes,605131,0,1,6,True,2021-06-24,Stolen,2B,2021,2022,28.2,2022,28.2,2022,28.2,2022,28.2,2022,28.2,2022,28.2,2022,28.2,2022,28.2
194,194,194,194,194,194,194,194,2B,3B,Stolen Base 3B,643396,Isiah Kiner-Falefa,621111,Walker Buehler,663993,Nathaniel Lowe,R,Austin Barnes,605131,0,0,1,True,2021-06-13,Stolen,3B,2021,2022,28.2,2022,28.2,2022,28.2,2022,28.2,2022,28.2,2022,28.2,2022,28.2,2022,28.2
195,195,195,195,195,195,195,195,1B,2B,Stolen Base 2B,608336,Joey Gallo,621111,Walker Buehler,663993,Nathaniel Lowe,R,Austin Barnes,605131,0,0,1,True,2021-06-13,Stolen,2B,2021,2022,28.2,2022,28.2,2022,28.2,2022,28.2,2022,28.2,2022,28.2,2022,28.2,2022,28.2
196,196,196,196,196,196,196,196,1B,2B,Stolen Base 2B,660670,Ronald Acuña Jr.,595014,Blake Treinen,518692,Freddie Freeman,R,Austin Barnes,605131,6,4,7,False,2021-06-05,Stolen,2B,2021,2022,28.2,2022,28.2,2022,28.2,2022,28.2,2022,28.2,2022,28.2,2022,28.2,2022,28.2
197,197,197,197,197,197,197,197,2B,3B,Stolen Base 3B,660670,Ronald Acuña Jr.,595014,Blake Treinen,663586,Austin Riley,R,Austin Barnes,605131,6,4,7,False,2021-06-05,Stolen,3B,2021,2022,28.2,2022,28.2,2022,28.2,2022,28.2,2022,28.2,2022,28.2,2022,28.2,2022,28.2
198,198,198,198,198,198,198,198,1B,2B,Stolen Base 2B,518692,Freddie Freeman,595014,Blake Treinen,663586,Austin Riley,R,Austin Barnes,605131,6,4,7,False,2021-06-05,Stolen,2B,2021,2022,28.2,2022,28.2,2022,28.2,2022,28.2,2022,28.2,2022,28.2,2022,28.2,2022,28.2
199,199,199,199,199,199,199,199,1B,,Caught Stealing 2B,444482,David Peralta,477132,Clayton Kershaw,605113,Nick Ahmed,L,Austin Barnes,605131,0,2,4,True,2021-05-19,Caught,2B,2021,2022,28.2,2022,28.2,2022,28.2,2022,28.2,2022,28.2,2022,28.2,2022,28.2,2022,28.2
200,200,200,200,200,200,200,200,1B,2B,Stolen Base 2B,605119,Brian Anderson,519076,Jimmy Nelson,595453,Chad Wallach,R,Austin Barnes,605131,0,0,2,True,2021-05-16,Stolen,2B,2021,2022,28.2,2022,28.2,2022,28.2,2022,28.2,2022,28.2,2022,28.2,2022,28.2,2022,28.2
201,201,201,201,201,201,201,201,1B,2B,Stolen Base 2B,665862,Jazz Chisholm Jr.,670955,Edwin Uceta,572816,Corey Dickerson,R,Austin Barnes,605131,2,3,7,True,2021-05-16,Stolen,2B,2021,2022,28.2,2022,28.2,2022,28.2,2022,28.2,2022,28.2,2022,28.2,2022,28.2,2022,28.2
202,202,202,202,202,202,202,202,1B,2B,Stolen Base 2B,545350,Jake Marisnick,477132,Clayton Kershaw,545121,Ildemaro Vargas,L,Austin Barnes,605131,4,0,1,False,2021-05-04,Stolen,2B,2021,2022,28.2,2022,28.2,2022,28.2,2022,28.2,2022,28.2,2022,28.2,2022,28.2,2022,28.2
203,203,203,203,203,203,203,203,1B,2B,Stolen Base 2B,545121,Ildemaro Vargas,642701,Dennis Santana,543294,Kyle Hendricks,R,Austin Barnes,605131,6,0,3,False,2021-05-04,Stolen,2B,2021,2022,28.2,2022,28.2,2022,28.2,2022,28.2,2022,28.2,2022,28.2,2022,28.2,2022,28.2
204,204,204,204,204,204,204,204,1B,2B,Stolen Base 2B,545350,Jake Marisnick,477132,Clayton Kershaw,545121,Ildemaro Vargas,L,Austin Barnes,605131,4,0,1,False,2021-05-03,Stolen,2B,2021,2022,28.2,2022,28.2,2022,28.2,2022,28.2,2022,28.2,2022,28.2,2022,28.2,2022,28.2
205,205,205,205,205,205,205,205,1B,2B,Stolen Base 2B,545121,Ildemaro Vargas,642701,Dennis Santana,543294,Kyle Hendricks,R,Austin Barnes,605131,6,0,3,False,2021-05-03,Stolen,2B,2021,2022,28.2,2022,28.2,2022,28.2,2022,28.2,2022,28.2,2022,28.2,2022,28.2,2022,28.2
206,206,206,206,206,206,206,206,1B,2B,Stolen Base 2B,669222,Nick Senzel,477132,Clayton Kershaw,608385,Jesse Winker,L,Austin Barnes,605131,0,0,1,True,2021-04-28,Stolen,2B,2021,2022,28.2,2022,28.2,2022,28.2,2022,28.2,2022,28.2,2022,28.2,2022,28.2,2022,28.2
207,207,207,207,207,207,207,207,2B,,Caught Stealing 3B,669222,Nick Senzel,477132,Clayton Kershaw,592206,Nick Castellanos,L,Austin Barnes,605131,0,0,1,True,2021-04-28,Caught,3B,2021,2022,28.2,2022,28.2,2022,28.2,2022,28.2,2022,28.2,2022,28.2,2022,28.2,2022,28.2
208,208,208,208,208,208,208,208,1B,2B,Stolen Base 2B,630105,Jake Cronenworth,669160,Dustin May,622761,Jorge Mateo,R,Austin Barnes,605131,2,1,5,True,2021-04-25,Stolen,2B,2021,2022,28.2,2022,28.2,2022,28.2,2022,28.2,2022,28.2,2022,28.2,2022,28.2,2022,28.2
209,209,209,209,209,209,209,209,1B,2B,Stolen Base 2B,665487,Fernando Tatis Jr.,669160,Dustin May,663757,Trent Grisham,R,Austin Barnes,605131,2,1,6,True,2021-04-25,Stolen,2B,2021,2022,28.2,2022,28.2,2022,28.2,2022,28.2,2022,28.2,2022,28.2,2022,28.2,2022,28.2
210,210,210,210,210,210,210,210,1B,2B,Stolen Base 2B,592518,Manny Machado,519076,Jimmy Nelson,543333,Eric Hosmer,R,Austin Barnes,605131,7,7,9,True,2021-04-25,Stolen,2B,2021,2022,28.2,2022,28.2,2022,28.2,2022,28.2,2022,28.2,2022,28.2,2022,28.2,2022,28.2
211,211,211,211,211,211,211,211,1B,2B,Stolen Base 2B,605170,Victor Caratini,519076,Jimmy Nelson,665487,Fernando Tatis Jr.,R,Austin Barnes,605131,7,7,10,True,2021-04-25,Stolen,2B,2021,2022,28.2,2022,28.2,2022,28.2,2022,28.2,2022,28.2,2022,28.2,2022,28.2,2022,28.2
212,212,212,212,212,212,212,212,2B,3B,Stolen Base 3B,665487,Fernando Tatis Jr.,664076,Garrett Cleavinger,592518,Manny Machado,L,Austin Barnes,605131,7,7,11,True,2021-04-25,Stolen,3B,2021,2022,28.2,2022,28.2,2022,28.2,2022,28.2,2022,28.2,2022,28.2,2022,28.2,2022,28.2
213,213,213,213,213,213,213,213,1B,2B,Stolen Base 2B,663757,Trent Grisham,664076,Garrett Cleavinger,592518,Manny Machado,L,Austin Barnes,605131,7,7,11,True,2021-04-25,Stolen,2B,2021,2022,28.2,2022,28.2,2022,28.2,2022,28.2,2022,28.2,2022,28.2,2022,28.2,2022,28.2
214,214,214,214,214,214,214,214,1B,2B,Stolen Base 2B,595777,Jurickson Profar,642701,Dennis Santana,665487,Fernando Tatis Jr.,R,Austin Barnes,605131,1,6,9,True,2021-04-23,Stolen,2B,2021,2022,28.2,2022,28.2,2022,28.2,2022,28.2,2022,28.2,2022,28.2,2022,28.2,2022,28.2
215,215,215,215,215,215,215,215,1B,2B,Stolen Base 2B,664238,Dylan Moore,624647,Victor González,641487,J.P. Crawford,L,Austin Barnes,605131,0,1,8,False,2021-04-20,Stolen,2B,2021,2022,28.2,2022,28.2,2022,28.2,2022,28.2,2022,28.2,2022,28.2,2022,28.2,2022,28.2
216,216,216,216,216,216,216,216,1B,2B,Stolen Base 2B,663757,Trent Grisham,477132,Clayton Kershaw,592518,Manny Machado,L,Austin Barnes,605131,0,1,6,False,2021-04-17,Stolen,2B,2021,2022,28.2,2022,28.2,2022,28.2,2022,28.2,2022,28.2,2022,28.2,2022,28.2,2022,28.2
217,217,217,217,217,217,217,217,1B,2B,Stolen Base 2B,607208,Trea Turner,477132,Clayton Kershaw,665742,Juan Soto,L,Austin Barnes,605131,1,0,3,True,2021-04-11,Stolen,2B,2021,2022,28.2,2022,28.2,2022,28.2,2022,28.2,2022,28.2,2022,28.2,2022,28.2,2022,28.2
218,218,218,218,218,218,218,218,1B,2B,Stolen Base 2B,643393,Tony Kemp,595014,Blake Treinen,592192,Mark Canha,R,Austin Barnes,605131,1,4,8,False,2021-04-06,Stolen,2B,2021,2022,28.2,2022,28.2,2022,28.2,2022,28.2,2022,28.2,2022,28.2,2022,28.2,2022,28.2
219,219,219,219,219,219,219,219,1B,2B,Stolen Base 2B,657656,Ramón Laureano,445276,Kenley Jansen,656305,Matt Chapman,R,Austin Barnes,605131,1,5,9,False,2021-04-06,Stolen,2B,2021,2022,28.2,2022,28.2,2022,28.2,2022,28.2,2022,28.2,2022,28.2,2022,28.2,2022,28.2
220,220,220,220,220,220,220,220,1B,2B,Stolen Base 2B,572008,Chris Owings,477132,Clayton Kershaw,641658,Garrett Hampson,L,Austin Barnes,605131,5,4,6,False,2021-04-01,Stolen,2B,2021,2022,28.2,2022,28.2,2022,28.2,2022,28.2,2022,28.2,2022,28.2,2022,28.2,2022,28.2
221,221,221,221,221,221,221,221,1B,2B,Stolen Base 2B,572008,Chris Owings,518397,Scott Alexander,641658,Garrett Hampson,L,Austin Barnes,605131,8,4,7,False,2021-04-01,Stolen,2B,2021,2022,28.2,2022,28.2,2022,28.2,2022,28.2,2022,28.2,2022,28.2,2022,28.2,2022,28.2
222,222,222,222,222,222,222,222,1B,,Caught Stealing 2B,642731,Thairo Estrada,477132,Clayton Kershaw,527038,Wilmer Flores,L,Austin Barnes,605131,1,0,3,False,2023-09-30,Caught,2B,2023,2024,28.1,2024,28.1,2024,28.1,2024,28.1,2024,28.1,2024,28.1,2024,28.1,2024,28.1
223,223,223,223,223,223,223,223,2B,3B,Stolen Base 3B,453568,Charlie Blackmon,642232,Ryan Yarbrough,663898,Brendan Rodgers,L,Austin Barnes,605131,7,3,4,False,2023-09-28,Stolen,3B,2023,2024,28.1,2024,28.1,2024,28.1,2024,28.1,2024,28.1,2024,28.1,2024,28.1,2024,28.1
224,224,224,224,224,224,224,224,2B,3B,Stolen Base 3B,666134,Nolan Jones,642232,Ryan Yarbrough,660707,Elehuris Montero,L,Austin Barnes,605131,9,3,4,False,2023-09-28,Stolen,3B,2023,2024,28.1,2024,28.1,2024,28.1,2024,28.1,2024,28.1,2024,28.1,2024,28.1,2024,28.1
225,225,225,225,225,225,225,225,1B,2B,Stolen Base 2B,678009,Parker Meadows,518489,Ryan Brasier,608348,Carson Kelly,R,Austin Barnes,605131,1,3,7,True,2023-09-20,Stolen,2B,2023,2024,28.1,2024,28.1,2024,28.1,2024,28.1,2024,28.1,2024,28.1,2024,28.1,2024,28.1
226,226,226,226,226,226,226,226,1B,2B,Stolen Base 2B,696285,Jacob Young,593833,Wander Suero,657041,Lane Thomas,R,Austin Barnes,605131,2,6,5,False,2023-09-10,Stolen,2B,2023,2024,28.1,2024,28.1,2024,28.1,2024,28.1,2024,28.1,2024,28.1,2024,28.1,2024,28.1
227,227,227,227,227,227,227,227,2B,3B,Stolen Base 3B,696285,Jacob Young,593833,Wander Suero,660688,Keibert Ruiz,R,Austin Barnes,605131,2,6,5,False,2023-09-10,Stolen,3B,2023,2024,28.1,2024,28.1,2024,28.1,2024,28.1,2024,28.1,2024,28.1,2024,28.1,2024,28.1
228,228,228,228,228,228,228,228,1B,2B,Stolen Base 2B,665862,Jazz Chisholm Jr.,477132,Clayton Kershaw,641658,Garrett Hampson,L,Austin Barnes,605131,1,2,4,False,2023-09-05,Stolen,2B,2023,2024,28.1,2024,28.1,2024,28.1,2024,28.1,2024,28.1,2024,28.1,2024,28.1,2024,28.1
229,229,229,229,229,229,229,229,1B,2B,Stolen Base 2B,682998,Corbin Carroll,686752,Ryan Pepiot,606466,Ketel Marte,R,Austin Barnes,605131,0,0,3,True,2023-08-30,Stolen,2B,2023,2024,28.1,2024,28.1,2024,28.1,2024,28.1,2024,28.1,2024,28.1,2024,28.1,2024,28.1
230,230,230,230,230,230,230,230,1B,2B,Stolen Base 2B,686823,Will Brennan,642232,Ryan Yarbrough,666310,Bo Naylor,L,Austin Barnes,605131,2,0,2,False,2023-08-24,Stolen,2B,2023,2024,28.1,2024,28.1,2024,28.1,2024,28.1,2024,28.1,2024,28.1,2024,28.1,2024,28.1
231,231,231,231,231,231,231,231,3B,score,Stolen Base Home,672356,Gabriel Arias,642232,Ryan Yarbrough,666310,Bo Naylor,L,Austin Barnes,605131,2,0,2,False,2023-08-24,Stolen,Home,2023,2024,28.1,2024,28.1,2024,28.1,2024,28.1,2024,28.1,2024,28.1,2024,28.1,2024,28.1
232,232,232,232,232,232,232,232,1B,2B,Stolen Base 2B,686217,Sal Frelick,458681,Lance Lynn,642715,Willy Adames,R,Austin Barnes,605131,0,0,2,True,2023-08-17,Stolen,2B,2023,2024,28.1,2024,28.1,2024,28.1,2024,28.1,2024,28.1,2024,28.1,2024,28.1,2024,28.1
233,233,233,233,233,233,233,233,1B,2B,Stolen Base 2B,686217,Sal Frelick,458681,Lance Lynn,642715,Willy Adames,R,Austin Barnes,605131,0,0,4,True,2023-08-17,Stolen,2B,2023,2024,28.1,2024,28.1,2024,28.1,2024,28.1,2024,28.1,2024,28.1,2024,28.1,2024,28.1
234,234,234,234,234,234,234,234,1B,2B,Stolen Base 2B,686217,Sal Frelick,623465,Evan Phillips,642715,Willy Adames,R,Austin Barnes,605131,1,0,9,True,2023-08-17,Stolen,2B,2023,2024,28.1,2024,28.1,2024,28.1,2024,28.1,2024,28.1,2024,28.1,2024,28.1,2024,28.1
235,235,235,235,235,235,235,235,1B,2B,Stolen Base 2B,678662,Ezequiel Tovar,664062,Tony Gonsolin,663898,Brendan Rodgers,R,Austin Barnes,605131,3,1,6,True,2023-08-12,Stolen,2B,2023,2024,28.1,2024,28.1,2024,28.1,2024,28.1,2024,28.1,2024,28.1,2024,28.1,2024,28.1
236,236,236,236,236,236,236,236,1B,2B,Stolen Base 2B,641584,Jake Fraley,675627,Michael Grove,668715,Spencer Steer,R,Austin Barnes,605131,0,5,3,True,2023-07-30,Stolen,2B,2023,2024,28.1,2024,28.1,2024,28.1,2024,28.1,2024,28.1,2024,28.1,2024,28.1,2024,28.1
237,237,237,237,237,237,237,237,1B,2B,Stolen Base 2B,608671,Travis Jankowski,686218,Emmet Sheehan,663993,Nathaniel Lowe,R,Austin Barnes,605131,0,4,1,False,2023-07-23,Stolen,2B,2023,2024,28.1,2024,28.1,2024,28.1,2024,28.1,2024,28.1,2024,28.1,2024,28.1,2024,28.1
238,238,238,238,238,238,238,238,2B,3B,Stolen Base 3B,622761,Jorge Mateo,628711,Julio Urías,669720,Austin Hays,L,Austin Barnes,605131,7,3,4,False,2023-07-19,Stolen,3B,2023,2024,28.1,2024,28.1,2024,28.1,2024,28.1,2024,28.1,2024,28.1,2024,28.1,2024,28.1
239,239,239,239,239,239,239,239,1B,2B,Stolen Base 2B,516782,Starling Marte,676272,Bobby Miller,683146,Brett Baty,R,Austin Barnes,605131,0,0,5,False,2023-07-16,Stolen,2B,2023,2024,28.1,2024,28.1,2024,28.1,2024,28.1,2024,28.1,2024,28.1,2024,28.1,2024,28.1
240,240,240,240,240,240,240,240,1B,2B,Stolen Base 2B,592192,Mark Canha,641360,Phil Bickford,553882,Omar Narváez,R,Austin Barnes,605131,1,0,7,False,2023-07-16,Stolen,2B,2023,2024,28.1,2024,28.1,2024,28.1,2024,28.1,2024,28.1,2024,28.1,2024,28.1,2024,28.1
241,241,241,241,241,241,241,241,1B,2B,Stolen Base 2B,621466,DJ Stewart,623465,Evan Phillips,516782,Starling Marte,R,Austin Barnes,605131,1,1,9,False,2023-07-16,Stolen,2B,2023,2024,28.1,2024,28.1,2024,28.1,2024,28.1,2024,28.1,2024,28.1,2024,28.1,2024,28.1
242,242,242,242,242,242,242,242,1B,2B,Stolen Base 2B,663647,Ke'Bryan Hayes,628711,Julio Urías,668804,Bryan Reynolds,L,Austin Barnes,605131,2,2,6,True,2023-07-06,Stolen,2B,2023,2024,28.1,2024,28.1,2024,28.1,2024,28.1,2024,28.1,2024,28.1,2024,28.1,2024,28.1
243,243,243,243,243,243,243,243,1B,2B,Stolen Base 2B,678662,Ezequiel Tovar,686218,Emmet Sheehan,641857,Ryan McMahon,R,Austin Barnes,605131,1,2,3,False,2023-06-29,Stolen,2B,2023,2024,28.1,2024,28.1,2024,28.1,2024,28.1,2024,28.1,2024,28.1,2024,28.1,2024,28.1
244,244,244,244,244,244,244,244,1B,2B,Stolen Base 2B,682641,Luis Matos,676272,Bobby Miller,672275,Patrick Bailey,R,Austin Barnes,605131,0,0,5,True,2023-06-17,Stolen,2B,2023,2024,28.1,2024,28.1,2024,28.1,2024,28.1,2024,28.1,2024,28.1,2024,28.1,2024,28.1
245,245,245,245,245,245,245,245,1B,,Caught Stealing 2B,462101,Elvis Andrus,660813,Brusdar Graterol,641313,Tim Anderson,R,Austin Barnes,605131,4,5,8,True,2023-06-14,Caught,2B,2023,2024,28.1,2024,28.1,2024,28.1,2024,28.1,2024,28.1,2024,28.1,2024,28.1,2024,28.1
246,246,246,246,246,246,246,246,1B,2B,Stolen Base 2B,663853,Romy Gonzalez,605463,Tayler Scott,669394,Jake Burger,R,Austin Barnes,605131,4,6,9,True,2023-06-14,Stolen,2B,2023,2024,28.1,2024,28.1,2024,28.1,2024,28.1,2024,28.1,2024,28.1,2024,28.1,2024,28.1
247,247,247,247,247,247,247,247,1B,2B,Stolen Base 2B,682829,Elly De La Cruz,477132,Clayton Kershaw,663886,Tyler Stephenson,L,Austin Barnes,605131,0,0,2,False,2023-06-08,Stolen,2B,2023,2024,28.1,2024,28.1,2024,28.1,2024,28.1,2024,28.1,2024,28.1,2024,28.1,2024,28.1
248,248,248,248,248,248,248,248,1B,2B,Stolen Base 2B,670042,Luke Raley,641360,Phil Bickford,642336,Francisco Mejía,R,Austin Barnes,605131,7,7,3,False,2023-05-28,Stolen,2B,2023,2024,28.1,2024,28.1,2024,28.1,2024,28.1,2024,28.1,2024,28.1,2024,28.1,2024,28.1
249,249,249,249,249,249,249,249,1B,2B,Stolen Base 2B,666139,Josh Lowe,641360,Phil Bickford,642350,Jose Siri,R,Austin Barnes,605131,9,7,4,False,2023-05-28,Stolen,2B,2023,2024,28.1,2024,28.1,2024,28.1,2024,28.1,2024,28.1,2024,28.1,2024,28.1,2024,28.1
250,250,250,250,250,250,250,250,2B,3B,Stolen Base 3B,666139,Josh Lowe,641360,Phil Bickford,670042,Luke Raley,R,Austin Barnes,605131,10,7,4,False,2023-05-28,Stolen,3B,2023,2024,28.1,2024,28.1,2024,28.1,2024,28.1,2024,28.1,2024,28.1,2024,28.1,2024,28.1
251,251,251,251,251,251,251,251,2B,3B,Stolen Base 3B,642350,Jose Siri,641360,Phil Bickford,642336,Francisco Mejía,R,Austin Barnes,605131,10,7,4,False,2023-05-28,Stolen,3B,2023,2024,28.1,2024,28.1,2024,28.1,2024,28.1,2024,28.1,2024,28.1,2024,28.1,2024,28.1
252,252,252,252,252,252,252,252,1B,2B,Stolen Base 2B,664040,Brandon Lowe,571946,Shelby Miller,623912,Harold Ramírez,R,Austin Barnes,605131,10,8,5,False,2023-05-28,Stolen,2B,2023,2024,28.1,2024,28.1,2024,28.1,2024,28.1,2024,28.1,2024,28.1,2024,28.1,2024,28.1
253,253,253,253,253,253,253,253,1B,2B,Stolen Base 2B,575929,Willson Contreras,592789,Noah Syndergaard,680977,Brendan Donovan,R,Austin Barnes,605131,1,0,1,False,2023-05-20,Stolen,2B,2023,2024,28.1,2024,28.1,2024,28.1,2024,28.1,2024,28.1,2024,28.1,2024,28.1,2024,28.1
254,254,254,254,254,254,254,254,1B,2B,Stolen Base 2B,657557,Paul DeJong,592789,Noah Syndergaard,676475,Alec Burleson,R,Austin Barnes,605131,2,0,2,False,2023-05-20,Stolen,2B,2023,2024,28.1,2024,28.1,2024,28.1,2024,28.1,2024,28.1,2024,28.1,2024,28.1,2024,28.1
255,255,255,255,255,255,255,255,1B,,Caught Stealing 2B,571448,Nolan Arenado,592789,Noah Syndergaard,575929,Willson Contreras,R,Austin Barnes,605131,3,0,3,False,2023-05-20,Caught,2B,2023,2024,28.1,2024,28.1,2024,28.1,2024,28.1,2024,28.1,2024,28.1,2024,28.1,2024,28.1
256,256,256,256,256,256,256,256,1B,2B,Stolen Base 2B,650489,Willi Castro,477132,Clayton Kershaw,456781,Donovan Solano,L,Austin Barnes,605131,0,1,2,True,2023-05-16,Stolen,2B,2023,2024,28.1,2024,28.1,2024,28.1,2024,28.1,2024,28.1,2024,28.1,2024,28.1,2024,28.1
257,257,257,257,257,257,257,257,1B,2B,Stolen Base 2B,621439,Byron Buxton,477132,Clayton Kershaw,666135,Alex Kirilloff,L,Austin Barnes,605131,0,1,3,True,2023-05-16,Stolen,2B,2023,2024,28.1,2024,28.1,2024,28.1,2024,28.1,2024,28.1,2024,28.1,2024,28.1,2024,28.1
258,258,258,258,258,258,258,258,1B,2B,Stolen Base 2B,621439,Byron Buxton,571946,Shelby Miller,571657,Kyle Farmer,R,Austin Barnes,605131,0,2,5,True,2023-05-16,Stolen,2B,2023,2024,28.1,2024,28.1,2024,28.1,2024,28.1,2024,28.1,2024,28.1,2024,28.1,2024,28.1
259,259,259,259,259,259,259,259,1B,2B,Stolen Base 2B,650489,Willi Castro,677865,Justin Bruihl,663616,Trevor Larnach,L,Austin Barnes,605131,1,3,8,True,2023-05-16,Stolen,2B,2023,2024,28.1,2024,28.1,2024,28.1,2024,28.1,2024,28.1,2024,28.1,2024,28.1,2024,28.1
260,260,260,260,260,260,260,260,2B,3B,Stolen Base 3B,665487,Fernando Tatis Jr.,664062,Tony Gonsolin,593428,Xander Bogaerts,R,Austin Barnes,605131,0,0,1,True,2023-05-14,Stolen,3B,2023,2024,28.1,2024,28.1,2024,28.1,2024,28.1,2024,28.1,2024,28.1,2024,28.1,2024,28.1
261,261,261,261,261,261,261,261,1B,2B,Stolen Base 2B,665487,Fernando Tatis Jr.,660813,Brusdar Graterol,592518,Manny Machado,R,Austin Barnes,605131,4,0,8,True,2023-05-14,Stolen,2B,2023,2024,28.1,2024,28.1,2024,28.1,2024,28.1,2024,28.1,2024,28.1,2024,28.1,2024,28.1
262,262,262,262,262,262,262,262,1B,2B,Stolen Base 2B,621438,Tyrone Taylor,664062,Tony Gonsolin,592885,Christian Yelich,R,Austin Barnes,605131,0,0,3,False,2023-05-08,Stolen,2B,2023,2024,28.1,2024,28.1,2024,28.1,2024,28.1,2024,28.1,2024,28.1,2024,28.1,2024,28.1
263,263,263,263,263,263,263,263,1B,2B,Stolen Base 2B,592885,Christian Yelich,593833,Wander Suero,608385,Jesse Winker,R,Austin Barnes,605131,6,1,7,False,2023-05-08,Stolen,2B,2023,2024,28.1,2024,28.1,2024,28.1,2024,28.1,2024,28.1,2024,28.1,2024,28.1,2024,28.1
264,264,264,264,264,264,264,264,1B,2B,Stolen Base 2B,669357,Nolan Gorman,669160,Dustin May,575929,Willson Contreras,R,Austin Barnes,605131,0,2,1,True,2023-04-28,Stolen,2B,2023,2024,28.1,2024,28.1,2024,28.1,2024,28.1,2024,28.1,2024,28.1,2024,28.1,2024,28.1
265,265,265,265,265,265,265,265,1B,2B,Stolen Base 2B,663457,Lars Nootbaar,669160,Dustin May,502671,Paul Goldschmidt,R,Austin Barnes,605131,2,2,3,True,2023-04-28,Stolen,2B,2023,2024,28.1,2024,28.1,2024,28.1,2024,28.1,2024,28.1,2024,28.1,2024,28.1,2024,28.1
266,266,266,266,266,266,266,266,2B,3B,Stolen Base 3B,502671,Paul Goldschmidt,669160,Dustin May,571448,Nolan Arenado,R,Austin Barnes,605131,4,2,5,True,2023-04-28,Stolen,3B,2023,2024,28.1,2024,28.1,2024,28.1,2024,28.1,2024,28.1,2024,28.1,2024,28.1,2024,28.1
267,267,267,267,267,267,267,267,2B,3B,Stolen Base 3B,668804,Bryan Reynolds,628711,Julio Urías,666801,Rodolfo Castro,L,Austin Barnes,605131,2,2,1,False,2023-04-27,Stolen,3B,2023,2024,28.1,2024,28.1,2024,28.1,2024,28.1,2024,28.1,2024,28.1,2024,28.1,2024,28.1
268,268,268,268,268,268,268,268,1B,2B,Stolen Base 2B,457705,Andrew McCutchen,628711,Julio Urías,666801,Rodolfo Castro,L,Austin Barnes,605131,2,2,1,False,2023-04-27,Stolen,2B,2023,2024,28.1,2024,28.1,2024,28.1,2024,28.1,2024,28.1,2024,28.1,2024,28.1,2024,28.1
269,269,269,269,269,269,269,269,1B,2B,Stolen Base 2B,669261,Jack Suwinski,628711,Julio Urías,664029,Mark Mathias,L,Austin Barnes,605131,3,2,1,False,2023-04-27,Stolen,2B,2023,2024,28.1,2024,28.1,2024,28.1,2024,28.1,2024,28.1,2024,28.1,2024,28.1,2024,28.1
270,270,270,270,270,270,270,270,1B,2B,Stolen Base 2B,672779,Tucupita Marcano,592789,Noah Syndergaard,457705,Andrew McCutchen,R,Austin Barnes,605131,0,2,1,False,2023-04-25,Stolen,2B,2023,2024,28.1,2024,28.1,2024,28.1,2024,28.1,2024,28.1,2024,28.1,2024,28.1,2024,28.1
271,271,271,271,271,271,271,271,1B,2B,Stolen Base 2B,678225,Ji Hwan Bae,592789,Noah Syndergaard,595978,Austin Hedges,R,Austin Barnes,605131,1,2,2,False,2023-04-25,Stolen,2B,2023,2024,28.1,2024,28.1,2024,28.1,2024,28.1,2024,28.1,2024,28.1,2024,28.1,2024,28.1
272,272,272,272,272,272,272,272,1B,2B,Stolen Base 2B,678225,Ji Hwan Bae,592789,Noah Syndergaard,595978,Austin Hedges,R,Austin Barnes,605131,4,2,4,False,2023-04-25,Stolen,2B,2023,2024,28.1,2024,28.1,2024,28.1,2024,28.1,2024,28.1,2024,28.1,2024,28.1,2024,28.1
273,273,273,273,273,273,273,273,2B,3B,Stolen Base 3B,664023,Ian Happ,681911,Alex Vesia,621550,Patrick Wisdom,L,Austin Barnes,605131,2,4,6,False,2023-04-22,Stolen,3B,2023,2024,28.1,2024,28.1,2024,28.1,2024,28.1,2024,28.1,2024,28.1,2024,28.1,2024,28.1
274,274,274,274,274,274,274,274,1B,2B,Stolen Base 2B,641355,Cody Bellinger,681911,Alex Vesia,621550,Patrick Wisdom,L,Austin Barnes,605131,2,4,6,False,2023-04-22,Stolen,2B,2023,2024,28.1,2024,28.1,2024,28.1,2024,28.1,2024,28.1,2024,28.1,2024,28.1,2024,28.1
275,275,275,275,275,275,275,275,1B,2B,Stolen Base 2B,621020,Dansby Swanson,628711,Julio Urías,673548,Seiya Suzuki,L,Austin Barnes,605131,1,0,4,True,2023-04-16,Stolen,2B,2023,2024,28.1,2024,28.1,2024,28.1,2024,28.1,2024,28.1,2024,28.1,2024,28.1,2024,28.1
276,276,276,276,276,276,276,276,1B,2B,Stolen Base 2B,641355,Cody Bellinger,628711,Julio Urías,543228,Yan Gomes,L,Austin Barnes,605131,1,0,5,True,2023-04-16,Stolen,2B,2023,2024,28.1,2024,28.1,2024,28.1,2024,28.1,2024,28.1,2024,28.1,2024,28.1,2024,28.1
277,277,277,277,277,277,277,277,1B,2B,Stolen Base 2B,663538,Nico Hoerner,675627,Michael Grove,621020,Dansby Swanson,R,Austin Barnes,605131,0,0,3,True,2023-04-15,Stolen,2B,2023,2024,28.1,2024,28.1,2024,28.1,2024,28.1,2024,28.1,2024,28.1,2024,28.1,2024,28.1
278,278,278,278,278,278,278,278,1B,,Caught Stealing 2B,673548,Seiya Suzuki,681911,Alex Vesia,641355,Cody Bellinger,L,Austin Barnes,605131,0,1,7,True,2023-04-15,Caught,2B,2023,2024,28.1,2024,28.1,2024,28.1,2024,28.1,2024,28.1,2024,28.1,2024,28.1,2024,28.1
279,279,279,279,279,279,279,279,2B,3B,Stolen Base 3B,641355,Cody Bellinger,622075,Yency Almonte,621458,Edwin Ríos,R,Austin Barnes,605131,0,1,7,True,2023-04-15,Stolen,3B,2023,2024,28.1,2024,28.1,2024,28.1,2024,28.1,2024,28.1,2024,28.1,2024,28.1,2024,28.1
280,280,280,280,280,280,280,280,1B,2B,Stolen Base 2B,663611,Nick Madrigal,571946,Shelby Miller,621550,Patrick Wisdom,R,Austin Barnes,605131,0,1,9,True,2023-04-15,Stolen,2B,2023,2024,28.1,2024,28.1,2024,28.1,2024,28.1,2024,28.1,2024,28.1,2024,28.1,2024,28.1
281,281,281,281,281,281,281,281,1B,2B,Stolen Base 2B,543228,Yan Gomes,592789,Noah Syndergaard,663538,Nico Hoerner,R,Austin Barnes,605131,0,0,3,True,2023-04-14,Stolen,2B,2023,2024,28.1,2024,28.1,2024,28.1,2024,28.1,2024,28.1,2024,28.1,2024,28.1,2024,28.1
282,282,282,282,282,282,282,282,2B,3B,Stolen Base 3B,663538,Nico Hoerner,592789,Noah Syndergaard,673548,Seiya Suzuki,R,Austin Barnes,605131,1,3,5,True,2023-04-14,Stolen,3B,2023,2024,28.1,2024,28.1,2024,28.1,2024,28.1,2024,28.1,2024,28.1,2024,28.1,2024,28.1
283,283,283,283,283,283,283,283,1B,2B,Stolen Base 2B,664023,Ian Happ,592789,Noah Syndergaard,673548,Seiya Suzuki,R,Austin Barnes,605131,1,3,5,True,2023-04-14,Stolen,2B,2023,2024,28.1,2024,28.1,2024,28.1,2024,28.1,2024,28.1,2024,28.1,2024,28.1,2024,28.1
284,284,284,284,284,284,284,284,1B,2B,Stolen Base 2B,663538,Nico Hoerner,656578,Andre Jackson,621020,Dansby Swanson,R,Austin Barnes,605131,2,7,9,True,2023-04-14,Stolen,2B,2023,2024,28.1,2024,28.1,2024,28.1,2024,28.1,2024,28.1,2024,28.1,2024,28.1,2024,28.1
285,285,285,285,285,285,285,285,1B,2B,Stolen Base 2B,668942,Josh Rojas,675627,Michael Grove,672695,Geraldo Perdomo,R,Austin Barnes,605131,0,1,1,False,2023-04-09,Stolen,2B,2023,2024,28.1,2024,28.1,2024,28.1,2024,28.1,2024,28.1,2024,28.1,2024,28.1,2024,28.1
286,286,286,286,286,286,286,286,1B,2B,Stolen Base 2B,677950,Alek Thomas,675627,Michael Grove,605113,Nick Ahmed,R,Austin Barnes,605131,6,3,3,False,2023-04-09,Stolen,2B,2023,2024,28.1,2024,28.1,2024,28.1,2024,28.1,2024,28.1,2024,28.1,2024,28.1,2024,28.1
287,287,287,287,287,287,287,287,1B,2B,Stolen Base 2B,605113,Nick Ahmed,675627,Michael Grove,645444,Jose Herrera,R,Austin Barnes,605131,6,3,3,False,2023-04-09,Stolen,2B,2023,2024,28.1,2024,28.1,2024,28.1,2024,28.1,2024,28.1,2024,28.1,2024,28.1,2024,28.1
288,288,288,288,288,288,288,288,2B,3B,Stolen Base 3B,605113,Nick Ahmed,657571,Caleb Ferguson,672695,Geraldo Perdomo,L,Austin Barnes,605131,10,3,5,False,2023-04-09,Stolen,3B,2023,2024,28.1,2024,28.1,2024,28.1,2024,28.1,2024,28.1,2024,28.1,2024,28.1,2024,28.1
289,289,289,289,289,289,289,289,1B,2B,Stolen Base 2B,645444,Jose Herrera,657571,Caleb Ferguson,672695,Geraldo Perdomo,L,Austin Barnes,605131,10,3,5,False,2023-04-09,Stolen,2B,2023,2024,28.1,2024,28.1,2024,28.1,2024,28.1,2024,28.1,2024,28.1,2024,28.1,2024,28.1
290,290,290,290,290,290,290,290,1B,2B,Stolen Base 2B,605113,Nick Ahmed,622075,Yency Almonte,672515,Gabriel Moreno,R,Austin Barnes,605131,6,3,8,False,2023-04-07,Stolen,2B,2023,2024,28.1,2024,28.1,2024,28.1,2024,28.1,2024,28.1,2024,28.1,2024,28.1,2024,28.1
291,291,291,291,291,291,291,291,1B,,Caught Stealing 2B,642731,Thairo Estrada,477132,Clayton Kershaw,527038,Wilmer Flores,L,Austin Barnes,605131,1,0,3,False,2023-09-30,Caught,2B,2023,2024,28.1,2024,28.1,2024,28.1,2024,28.1,2024,28.1,2024,28.1,2024,28.1,2024,28.1
292,292,292,292,292,292,292,292,2B,3B,Stolen Base 3B,453568,Charlie Blackmon,642232,Ryan Yarbrough,663898,Brendan Rodgers,L,Austin Barnes,605131,7,3,4,False,2023-09-28,Stolen,3B,2023,2024,28.1,2024,28.1,2024,28.1,2024,28.1,2024,28.1,2024,28.1,2024,28.1,2024,28.1
293,293,293,293,293,293,293,293,2B,3B,Stolen Base 3B,666134,Nolan Jones,642232,Ryan Yarbrough,660707,Elehuris Montero,L,Austin Barnes,605131,9,3,4,False,2023-09-28,Stolen,3B,2023,2024,28.1,2024,28.1,2024,28.1,2024,28.1,2024,28.1,2024,28.1,2024,28.1,2024,28.1
294,294,294,294,294,294,294,294,1B,2B,Stolen Base 2B,678009,Parker Meadows,518489,Ryan Brasier,608348,Carson Kelly,R,Austin Barnes,605131,1,3,7,True,2023-09-20,Stolen,2B,2023,2024,28.1,2024,28.1,2024,28.1,2024,28.1,2024,28.1,2024,28.1,2024,28.1,2024,28.1
295,295,295,295,295,295,295,295,1B,2B,Stolen Base 2B,696285,Jacob Young,593833,Wander Suero,657041,Lane Thomas,R,Austin Barnes,605131,2,6,5,False,2023-09-10,Stolen,2B,2023,2024,28.1,2024,28.1,2024,28.1,2024,28.1,2024,28.1,2024,28.1,2024,28.1,2024,28.1
296,296,296,296,296,296,296,296,2B,3B,Stolen Base 3B,696285,Jacob Young,593833,Wander Suero,660688,Keibert Ruiz,R,Austin Barnes,605131,2,6,5,False,2023-09-10,Stolen,3B,2023,2024,28.1,2024,28.1,2024,28.1,2024,28.1,2024,28.1,2024,28.1,2024,28.1,2024,28.1
297,297,297,297,297,297,297,297,1B,2B,Stolen Base 2B,665862,Jazz Chisholm Jr.,477132,Clayton Kershaw,641658,Garrett Hampson,L,Austin Barnes,605131,1,2,4,False,2023-09-05,Stolen,2B,2023,2024,28.1,2024,28.1,2024,28.1,2024,28.1,2024,28.1,2024,28.1,2024,28.1,2024,28.1
298,298,298,298,298,298,298,298,1B,2B,Stolen Base 2B,682998,Corbin Carroll,686752,Ryan Pepiot,606466,Ketel Marte,R,Austin Barnes,605131,0,0,3,True,2023-08-30,Stolen,2B,2023,2024,28.1,2024,28.1,2024,28.1,2024,28.1,2024,28.1,2024,28.1,2024,28.1,2024,28.1
299,299,299,299,299,299,299,299,1B,2B,Stolen Base 2B,686823,Will Brennan,642232,Ryan Yarbrough,666310,Bo Naylor,L,Austin Barnes,605131,2,0,2,False,2023-08-24,Stolen,2B,2023,2024,28.1,2024,28.1,2024,28.1,2024,28.1,2024,28.1,2024,28.1,2024,28.1,2024,28.1
300,300,300,300,300,300,300,300,3B,score,Stolen Base Home,672356,Gabriel Arias,642232,Ryan Yarbrough,666310,Bo Naylor,L,Austin Barnes,605131,2,0,2,False,2023-08-24,Stolen,Home,2023,2024,28.1,2024,28.1,2024,28.1,2024,28.1,2024,28.1,2024,28.1,2024,28.1,2024,28.1
301,301,301,301,301,301,301,301,1B,2B,Stolen Base 2B,686217,Sal Frelick,458681,Lance Lynn,642715,Willy Adames,R,Austin Barnes,605131,0,0,2,True,2023-08-17,Stolen,2B,2023,2024,28.1,2024,28.1,2024,28.1,2024,28.1,2024,28.1,2024,28.1,2024,28.1,2024,28.1
302,302,302,302,302,302,302,302,1B,2B,Stolen Base 2B,686217,Sal Frelick,458681,Lance Lynn,642715,Willy Adames,R,Austin Barnes,605131,0,0,4,True,2023-08-17,Stolen,2B,2023,2024,28.1,2024,28.1,2024,28.1,2024,28.1,2024,28.1,2024,28.1,2024,28.1,2024,28.1
303,303,303,303,303,303,303,303,1B,2B,Stolen Base 2B,686217,Sal Frelick,623465,Evan Phillips,642715,Willy Adames,R,Austin Barnes,605131,1,0,9,True,2023-08-17,Stolen,2B,2023,2024,28.1,2024,28.1,2024,28.1,2024,28.1,2024,28.1,2024,28.1,2024,28.1,2024,28.1
304,304,304,304,304,304,304,304,1B,2B,Stolen Base 2B,678662,Ezequiel Tovar,664062,Tony Gonsolin,663898,Brendan Rodgers,R,Austin Barnes,605131,3,1,6,True,2023-08-12,Stolen,2B,2023,2024,28.1,2024,28.1,2024,28.1,2024,28.1,2024,28.1,2024,28.1,2024,28.1,2024,28.1
305,305,305,305,305,305,305,305,1B,2B,Stolen Base 2B,641584,Jake Fraley,675627,Michael Grove,668715,Spencer Steer,R,Austin Barnes,605131,0,5,3,True,2023-07-30,Stolen,2B,2023,2024,28.1,2024,28.1,2024,28.1,2024,28.1,2024,28.1,2024,28.1,2024,28.1,2024,28.1
306,306,306,306,306,306,306,306,1B,2B,Stolen Base 2B,608671,Travis Jankowski,686218,Emmet Sheehan,663993,Nathaniel Lowe,R,Austin Barnes,605131,0,4,1,False,2023-07-23,Stolen,2B,2023,2024,28.1,2024,28.1,2024,28.1,2024,28.1,2024,28.1,2024,28.1,2024,28.1,2024,28.1
307,307,307,307,307,307,307,307,2B,3B,Stolen Base 3B,622761,Jorge Mateo,628711,Julio Urías,669720,Austin Hays,L,Austin Barnes,605131,7,3,4,False,2023-07-19,Stolen,3B,2023,2024,28.1,2024,28.1,2024,28.1,2024,28.1,2024,28.1,2024,28.1,2024,28.1,2024,28.1
308,308,308,308,308,308,308,308,1B,2B,Stolen Base 2B,516782,Starling Marte,676272,Bobby Miller,683146,Brett Baty,R,Austin Barnes,605131,0,0,5,False,2023-07-16,Stolen,2B,2023,2024,28.1,2024,28.1,2024,28.1,2024,28.1,2024,28.1,2024,28.1,2024,28.1,2024,28.1
309,309,309,309,309,309,309,309,1B,2B,Stolen Base 2B,592192,Mark Canha,641360,Phil Bickford,553882,Omar Narváez,R,Austin Barnes,605131,1,0,7,False,2023-07-16,Stolen,2B,2023,2024,28.1,2024,28.1,2024,28.1,2024,28.1,2024,28.1,2024,28.1,2024,28.1,2024,28.1
310,310,310,310,310,310,310,310,1B,2B,Stolen Base 2B,621466,DJ Stewart,623465,Evan Phillips,516782,Starling Marte,R,Austin Barnes,605131,1,1,9,False,2023-07-16,Stolen,2B,2023,2024,28.1,2024,28.1,2024,28.1,2024,28.1,2024,28.1,2024,28.1,2024,28.1,2024,28.1
311,311,311,311,311,311,311,311,1B,2B,Stolen Base 2B,663647,Ke'Bryan Hayes,628711,Julio Urías,668804,Bryan Reynolds,L,Austin Barnes,605131,2,2,6,True,2023-07-06,Stolen,2B,2023,2024,28.1,2024,28.1,2024,28.1,2024,28.1,2024,28.1,2024,28.1,2024,28.1,2024,28.1
312,312,312,312,312,312,312,312,1B,2B,Stolen Base 2B,678662,Ezequiel Tovar,686218,Emmet Sheehan,641857,Ryan McMahon,R,Austin Barnes,605131,1,2,3,False,2023-06-29,Stolen,2B,2023,2024,28.1,2024,28.1,2024,28.1,2024,28.1,2024,28.1,2024,28.1,2024,28.1,2024,28.1
313,313,313,313,313,313,313,313,1B,2B,Stolen Base 2B,682641,Luis Matos,676272,Bobby Miller,672275,Patrick Bailey,R,Austin Barnes,605131,0,0,5,True,2023-06-17,Stolen,2B,2023,2024,28.1,2024,28.1,2024,28.1,2024,28.1,2024,28.1,2024,28.1,2024,28.1,2024,28.1
314,314,314,314,314,314,314,314,1B,,Caught Stealing 2B,462101,Elvis Andrus,660813,Brusdar Graterol,641313,Tim Anderson,R,Austin Barnes,605131,4,5,8,True,2023-06-14,Caught,2B,2023,2024,28.1,2024,28.1,2024,28.1,2024,28.1,2024,28.1,2024,28.1,2024,28.1,2024,28.1
315,315,315,315,315,315,315,315,1B,2B,Stolen Base 2B,663853,Romy Gonzalez,605463,Tayler Scott,669394,Jake Burger,R,Austin Barnes,605131,4,6,9,True,2023-06-14,Stolen,2B,2023,2024,28.1,2024,28.1,2024,28.1,2024,28.1,2024,28.1,2024,28.1,2024,28.1,2024,28.1
316,316,316,316,316,316,316,316,1B,2B,Stolen Base 2B,682829,Elly De La Cruz,477132,Clayton Kershaw,663886,Tyler Stephenson,L,Austin Barnes,605131,0,0,2,False,2023-06-08,Stolen,2B,2023,2024,28.1,2024,28.1,2024,28.1,2024,28.1,2024,28.1,2024,28.1,2024,28.1,2024,28.1
317,317,317,317,317,317,317,317,1B,2B,Stolen Base 2B,670042,Luke Raley,641360,Phil Bickford,642336,Francisco Mejía,R,Austin Barnes,605131,7,7,3,False,2023-05-28,Stolen,2B,2023,2024,28.1,2024,28.1,2024,28.1,2024,28.1,2024,28.1,2024,28.1,2024,28.1,2024,28.1
318,318,318,318,318,318,318,318,1B,2B,Stolen Base 2B,666139,Josh Lowe,641360,Phil Bickford,642350,Jose Siri,R,Austin Barnes,605131,9,7,4,False,2023-05-28,Stolen,2B,2023,2024,28.1,2024,28.1,2024,28.1,2024,28.1,2024,28.1,2024,28.1,2024,28.1,2024,28.1
319,319,319,319,319,319,319,319,2B,3B,Stolen Base 3B,666139,Josh Lowe,641360,Phil Bickford,670042,Luke Raley,R,Austin Barnes,605131,10,7,4,False,2023-05-28,Stolen,3B,2023,2024,28.1,2024,28.1,2024,28.1,2024,28.1,2024,28.1,2024,28.1,2024,28.1,2024,28.1
320,320,320,320,320,320,320,320,2B,3B,Stolen Base 3B,642350,Jose Siri,641360,Phil Bickford,642336,Francisco Mejía,R,Austin Barnes,605131,10,7,4,False,2023-05-28,Stolen,3B,2023,2024,28.1,2024,28.1,2024,28.1,2024,28.1,2024,28.1,2024,28.1,2024,28.1,2024,28.1
321,321,321,321,321,321,321,321,1B,2B,Stolen Base 2B,664040,Brandon Lowe,571946,Shelby Miller,623912,Harold Ramírez,R,Austin Barnes,605131,10,8,5,False,2023-05-28,Stolen,2B,2023,2024,28.1,2024,28.1,2024,28.1,2024,28.1,2024,28.1,2024,28.1,2024,28.1,2024,28.1
322,322,322,322,322,322,322,322,1B,2B,Stolen Base 2B,575929,Willson Contreras,592789,Noah Syndergaard,680977,Brendan Donovan,R,Austin Barnes,605131,1,0,1,False,2023-05-20,Stolen,2B,2023,2024,28.1,2024,28.1,2024,28.1,2024,28.1,2024,28.1,2024,28.1,2024,28.1,2024,28.1
323,323,323,323,323,323,323,323,1B,2B,Stolen Base 2B,657557,Paul DeJong,592789,Noah Syndergaard,676475,Alec Burleson,R,Austin Barnes,605131,2,0,2,False,2023-05-20,Stolen,2B,2023,2024,28.1,2024,28.1,2024,28.1,2024,28.1,2024,28.1,2024,28.1,2024,28.1,2024,28.1
324,324,324,324,324,324,324,324,1B,,Caught Stealing 2B,571448,Nolan Arenado,592789,Noah Syndergaard,575929,Willson Contreras,R,Austin Barnes,605131,3,0,3,False,2023-05-20,Caught,2B,2023,2024,28.1,2024,28.1,2024,28.1,2024,28.1,2024,28.1,2024,28.1,2024,28.1,2024,28.1
325,325,325,325,325,325,325,325,1B,2B,Stolen Base 2B,650489,Willi Castro,477132,Clayton Kershaw,456781,Donovan Solano,L,Austin Barnes,605131,0,1,2,True,2023-05-16,Stolen,2B,2023,2024,28.1,2024,28.1,2024,28.1,2024,28.1,2024,28.1,2024,28.1,2024,28.1,2024,28.1
326,326,326,326,326,326,326,326,1B,2B,Stolen Base 2B,621439,Byron Buxton,477132,Clayton Kershaw,666135,Alex Kirilloff,L,Austin Barnes,605131,0,1,3,True,2023-05-16,Stolen,2B,2023,2024,28.1,2024,28.1,2024,28.1,2024,28.1,2024,28.1,2024,28.1,2024,28.1,2024,28.1
327,327,327,327,327,327,327,327,1B,2B,Stolen Base 2B,621439,Byron Buxton,571946,Shelby Miller,571657,Kyle Farmer,R,Austin Barnes,605131,0,2,5,True,2023-05-16,Stolen,2B,2023,2024,28.1,2024,28.1,2024,28.1,2024,28.1,2024,28.1,2024,28.1,2024,28.1,2024,28.1
328,328,328,328,328,328,328,328,1B,2B,Stolen Base 2B,650489,Willi Castro,677865,Justin Bruihl,663616,Trevor Larnach,L,Austin Barnes,605131,1,3,8,True,2023-05-16,Stolen,2B,2023,2024,28.1,2024,28.1,2024,28.1,2024,28.1,2024,28.1,2024,28.1,2024,28.1,2024,28.1
329,329,329,329,329,329,329,329,2B,3B,Stolen Base 3B,665487,Fernando Tatis Jr.,664062,Tony Gonsolin,593428,Xander Bogaerts,R,Austin Barnes,605131,0,0,1,True,2023-05-14,Stolen,3B,2023,2024,28.1,2024,28.1,2024,28.1,2024,28.1,2024,28.1,2024,28.1,2024,28.1,2024,28.1
330,330,330,330,330,330,330,330,1B,2B,Stolen Base 2B,665487,Fernando Tatis Jr.,660813,Brusdar Graterol,592518,Manny Machado,R,Austin Barnes,605131,4,0,8,True,2023-05-14,Stolen,2B,2023,2024,28.1,2024,28.1,2024,28.1,2024,28.1,2024,28.1,2024,28.1,2024,28.1,2024,28.1
331,331,331,331,331,331,331,331,1B,2B,Stolen Base 2B,621438,Tyrone Taylor,664062,Tony Gonsolin,592885,Christian Yelich,R,Austin Barnes,605131,0,0,3,False,2023-05-08,Stolen,2B,2023,2024,28.1,2024,28.1,2024,28.1,2024,28.1,2024,28.1,2024,28.1,2024,28.1,2024,28.1
332,332,332,332,332,332,332,332,1B,2B,Stolen Base 2B,592885,Christian Yelich,593833,Wander Suero,608385,Jesse Winker,R,Austin Barnes,605131,6,1,7,False,2023-05-08,Stolen,2B,2023,2024,28.1,2024,28.1,2024,28.1,2024,28.1,2024,28.1,2024,28.1,2024,28.1,2024,28.1
333,333,333,333,333,333,333,333,1B,2B,Stolen Base 2B,669357,Nolan Gorman,669160,Dustin May,575929,Willson Contreras,R,Austin Barnes,605131,0,2,1,True,2023-04-28,Stolen,2B,2023,2024,28.1,2024,28.1,2024,28.1,2024,28.1,2024,28.1,2024,28.1,2024,28.1,2024,28.1
334,334,334,334,334,334,334,334,1B,2B,Stolen Base 2B,663457,Lars Nootbaar,669160,Dustin May,502671,Paul Goldschmidt,R,Austin Barnes,605131,2,2,3,True,2023-04-28,Stolen,2B,2023,2024,28.1,2024,28.1,2024,28.1,2024,28.1,2024,28.1,2024,28.1,2024,28.1,2024,28.1
335,335,335,335,335,335,335,335,2B,3B,Stolen Base 3B,502671,Paul Goldschmidt,669160,Dustin May,571448,Nolan Arenado,R,Austin Barnes,605131,4,2,5,True,2023-04-28,Stolen,3B,2023,2024,28.1,2024,28.1,2024,28.1,2024,28.1,2024,28.1,2024,28.1,2024,28.1,2024,28.1
336,336,336,336,336,336,336,336,2B,3B,Stolen Base 3B,668804,Bryan Reynolds,628711,Julio Urías,666801,Rodolfo Castro,L,Austin Barnes,605131,2,2,1,False,2023-04-27,Stolen,3B,2023,2024,28.1,2024,28.1,2024,28.1,2024,28.1,2024,28.1,2024,28.1,2024,28.1,2024,28.1
337,337,337,337,337,337,337,337,1B,2B,Stolen Base 2B,457705,Andrew McCutchen,628711,Julio Urías,666801,Rodolfo Castro,L,Austin Barnes,605131,2,2,1,False,2023-04-27,Stolen,2B,2023,2024,28.1,2024,28.1,2024,28.1,2024,28.1,2024,28.1,2024,28.1,2024,28.1,2024,28.1
338,338,338,338,338,338,338,338,1B,2B,Stolen Base 2B,669261,Jack Suwinski,628711,Julio Urías,664029,Mark Mathias,L,Austin Barnes,605131,3,2,1,False,2023-04-27,Stolen,2B,2023,2024,28.1,2024,28.1,2024,28.1,2024,28.1,2024,28.1,2024,28.1,2024,28.1,2024,28.1
339,339,339,339,339,339,339,339,1B,2B,Stolen Base 2B,672779,Tucupita Marcano,592789,Noah Syndergaard,457705,Andrew McCutchen,R,Austin Barnes,605131,0,2,1,False,2023-04-25,Stolen,2B,2023,2024,28.1,2024,28.1,2024,28.1,2024,28.1,2024,28.1,2024,28.1,2024,28.1,2024,28.1
340,340,340,340,340,340,340,340,1B,2B,Stolen Base 2B,678225,Ji Hwan Bae,592789,Noah Syndergaard,595978,Austin Hedges,R,Austin Barnes,605131,1,2,2,False,2023-04-25,Stolen,2B,2023,2024,28.1,2024,28.1,2024,28.1,2024,28.1,2024,28.1,2024,28.1,2024,28.1,2024,28.1
341,341,341,341,341,341,341,341,1B,2B,Stolen Base 2B,678225,Ji Hwan Bae,592789,Noah Syndergaard,595978,Austin Hedges,R,Austin Barnes,605131,4,2,4,False,2023-04-25,Stolen,2B,2023,2024,28.1,2024,28.1,2024,28.1,2024,28.1,2024,28.1,2024,28.1,2024,28.1,2024,28.1
342,342,342,342,342,342,342,342,2B,3B,Stolen Base 3B,664023,Ian Happ,681911,Alex Vesia,621550,Patrick Wisdom,L,Austin Barnes,605131,2,4,6,False,2023-04-22,Stolen,3B,2023,2024,28.1,2024,28.1,2024,28.1,2024,28.1,2024,28.1,2024,28.1,2024,28.1,2024,28.1
343,343,343,343,343,343,343,343,1B,2B,Stolen Base 2B,641355,Cody Bellinger,681911,Alex Vesia,621550,Patrick Wisdom,L,Austin Barnes,605131,2,4,6,False,2023-04-22,Stolen,2B,2023,2024,28.1,2024,28.1,2024,28.1,2024,28.1,2024,28.1,2024,28.1,2024,28.1,2024,28.1
344,344,344,344,344,344,344,344,1B,2B,Stolen Base 2B,621020,Dansby Swanson,628711,Julio Urías,673548,Seiya Suzuki,L,Austin Barnes,605131,1,0,4,True,2023-04-16,Stolen,2B,2023,2024,28.1,2024,28.1,2024,28.1,2024,28.1,2024,28.1,2024,28.1,2024,28.1,2024,28.1
345,345,345,345,345,345,345,345,1B,2B,Stolen Base 2B,641355,Cody Bellinger,628711,Julio Urías,543228,Yan Gomes,L,Austin Barnes,605131,1,0,5,True,2023-04-16,Stolen,2B,2023,2024,28.1,2024,28.1,2024,28.1,2024,28.1,2024,28.1,2024,28.1,2024,28.1,2024,28.1
346,346,346,346,346,346,346,346,1B,2B,Stolen Base 2B,663538,Nico Hoerner,675627,Michael Grove,621020,Dansby Swanson,R,Austin Barnes,605131,0,0,3,True,2023-04-15,Stolen,2B,2023,2024,28.1,2024,28.1,2024,28.1,2024,28.1,2024,28.1,2024,28.1,2024,28.1,2024,28.1
347,347,347,347,347,347,347,347,1B,,Caught Stealing 2B,673548,Seiya Suzuki,681911,Alex Vesia,641355,Cody Bellinger,L,Austin Barnes,605131,0,1,7,True,2023-04-15,Caught,2B,2023,2024,28.1,2024,28.1,2024,28.1,2024,28.1,2024,28.1,2024,28.1,2024,28.1,2024,28.1
348,348,348,348,348,348,348,348,2B,3B,Stolen Base 3B,641355,Cody Bellinger,622075,Yency Almonte,621458,Edwin Ríos,R,Austin Barnes,605131,0,1,7,True,2023-04-15,Stolen,3B,2023,2024,28.1,2024,28.1,2024,28.1,2024,28.1,2024,28.1,2024,28.1,2024,28.1,2024,28.1
349,349,349,349,349,349,349,349,1B,2B,Stolen Base 2B,663611,Nick Madrigal,571946,Shelby Miller,621550,Patrick Wisdom,R,Austin Barnes,605131,0,1,9,True,2023-04-15,Stolen,2B,2023,2024,28.1,2024,28.1,2024,28.1,2024,28.1,2024,28.1,2024,28.1,2024,28.1,2024,28.1
350,350,350,350,350,350,350,350,1B,2B,Stolen Base 2B,543228,Yan Gomes,592789,Noah Syndergaard,663538,Nico Hoerner,R,Austin Barnes,605131,0,0,3,True,2023-04-14,Stolen,2B,2023,2024,28.1,2024,28.1,2024,28.1,2024,28.1,2024,28.1,2024,28.1,2024,28.1,2024,28.1
351,351,351,351,351,351,351,351,2B,3B,Stolen Base 3B,663538,Nico Hoerner,592789,Noah Syndergaard,673548,Seiya Suzuki,R,Austin Barnes,605131,1,3,5,True,2023-04-14,Stolen,3B,2023,2024,28.1,2024,28.1,2024,28.1,2024,28.1,2024,28.1,2024,28.1,2024,28.1,2024,28.1
352,352,352,352,352,352,352,352,1B,2B,Stolen Base 2B,664023,Ian Happ,592789,Noah Syndergaard,673548,Seiya Suzuki,R,Austin Barnes,605131,1,3,5,True,2023-04-14,Stolen,2B,2023,2024,28.1,2024,28.1,2024,28.1,2024,28.1,2024,28.1,2024,28.1,2024,28.1,2024,28.1
353,353,353,353,353,353,353,353,1B,2B,Stolen Base 2B,663538,Nico Hoerner,656578,Andre Jackson,621020,Dansby Swanson,R,Austin Barnes,605131,2,7,9,True,2023-04-14,Stolen,2B,2023,2024,28.1,2024,28.1,2024,28.1,2024,28.1,2024,28.1,2024,28.1,2024,28.1,2024,28.1
354,354,354,354,354,354,354,354,1B,2B,Stolen Base 2B,668942,Josh Rojas,675627,Michael Grove,672695,Geraldo Perdomo,R,Austin Barnes,605131,0,1,1,False,2023-04-09,Stolen,2B,2023,2024,28.1,2024,28.1,2024,28.1,2024,28.1,2024,28.1,2024,28.1,2024,28.1,2024,28.1
355,355,355,355,355,355,355,355,1B,2B,Stolen Base 2B,677950,Alek Thomas,675627,Michael Grove,605113,Nick Ahmed,R,Austin Barnes,605131,6,3,3,False,2023-04-09,Stolen,2B,2023,2024,28.1,2024,28.1,2024,28.1,2024,28.1,2024,28.1,2024,28.1,2024,28.1,2024,28.1
356,356,356,356,356,356,356,356,1B,2B,Stolen Base 2B,605113,Nick Ahmed,675627,Michael Grove,645444,Jose Herrera,R,Austin Barnes,605131,6,3,3,False,2023-04-09,Stolen,2B,2023,2024,28.1,2024,28.1,2024,28.1,2024,28.1,2024,28.1,2024,28.1,2024,28.1,2024,28.1
357,357,357,357,357,357,357,357,2B,3B,Stolen Base 3B,605113,Nick Ahmed,657571,Caleb Ferguson,672695,Geraldo Perdomo,L,Austin Barnes,605131,10,3,5,False,2023-04-09,Stolen,3B,2023,2024,28.1,2024,28.1,2024,28.1,2024,28.1,2024,28.1,2024,28.1,2024,28.1,2024,28.1
358,358,358,358,358,358,358,358,1B,2B,Stolen Base 2B,645444,Jose Herrera,657571,Caleb Ferguson,672695,Geraldo Perdomo,L,Austin Barnes,605131,10,3,5,False,2023-04-09,Stolen,2B,2023,2024,28.1,2024,28.1,2024,28.1,2024,28.1,2024,28.1,2024,28.1,2024,28.1,2024,28.1
359,359,359,359,359,359,359,359,1B,2B,Stolen Base 2B,605113,Nick Ahmed,622075,Yency Almonte,672515,Gabriel Moreno,R,Austin Barnes,605131,6,3,8,False,2023-04-07,Stolen,2B,2023,2024,28.1,2024,28.1,2024,28.1,2024,28.1,2024,28.1,2024,28.1,2024,28.1,2024,28.1
360,360,360,360,360,360,360,360,2B,3B,Stolen Base 3B,621550,Patrick Wisdom,477132,Clayton Kershaw,663538,Nico Hoerner,L,Austin Barnes,605131,1,2,7,True,2022-07-09,Stolen,3B,2022,2023,27.8,2023,27.8,2023,27.8,2023,27.8,2023,27.8,2023,27.8,2023,27.8,2023,27.8
361,361,361,361,361,361,361,361,1B,2B,Stolen Base 2B,641857,Ryan McMahon,669952,Mitch White,545341,Randal Grichuk,R,Austin Barnes,605131,0,0,2,True,2022-07-06,Stolen,2B,2022,2023,27.8,2023,27.8,2023,27.8,2023,27.8,2023,27.8,2023,27.8,2023,27.8,2023,27.8
362,362,362,362,362,362,362,362,1B,,Caught Stealing 2B,595777,Jurickson Profar,477132,Clayton Kershaw,630105,Jake Cronenworth,L,Austin Barnes,605131,1,0,6,True,2022-07-03,Caught,2B,2022,2023,27.8,2023,27.8,2023,27.8,2023,27.8,2023,27.8,2023,27.8,2023,27.8,2023,27.8
363,363,363,363,363,363,363,363,1B,2B,Stolen Base 2B,660670,Ronald Acuña Jr.,669952,Mitch White,621020,Dansby Swanson,R,Austin Barnes,605131,2,0,5,False,2022-06-25,Stolen,2B,2022,2023,27.8,2023,27.8,2023,27.8,2023,27.8,2023,27.8,2023,27.8,2023,27.8,2023,27.8
364,364,364,364,364,364,364,364,1B,,Caught Stealing 2B,621020,Dansby Swanson,681911,Alex Vesia,663586,Austin Riley,L,Austin Barnes,605131,3,0,5,False,2022-06-25,Caught,2B,2022,2023,27.8,2023,27.8,2023,27.8,2023,27.8,2023,27.8,2023,27.8,2023,27.8,2023,27.8
365,365,365,365,365,365,365,365,1B,2B,Stolen Base 2B,669222,Nick Senzel,477132,Clayton Kershaw,663697,Jonathan India,L,Austin Barnes,605131,0,3,3,False,2022-06-23,Stolen,2B,2022,2023,27.8,2023,27.8,2023,27.8,2023,27.8,2023,27.8,2023,27.8,2023,27.8,2023,27.8
366,366,366,366,366,366,366,366,1B,2B,Stolen Base 2B,668804,Bryan Reynolds,669952,Mitch White,656308,Michael Chavis,R,Austin Barnes,605131,0,1,3,True,2022-06-01,Stolen,2B,2022,2023,27.8,2023,27.8,2023,27.8,2023,27.8,2023,27.8,2023,27.8,2023,27.8,2023,27.8
367,367,367,367,367,367,367,367,1B,2B,Stolen Base 2B,672779,Tucupita Marcano,675627,Michael Grove,623168,Tyler Heineman,R,Austin Barnes,605131,2,5,9,True,2022-06-01,Stolen,2B,2022,2023,27.8,2023,27.8,2023,27.8,2023,27.8,2023,27.8,2023,27.8,2023,27.8,2023,27.8
368,368,368,368,368,368,368,368,1B,2B,Stolen Base 2B,656308,Michael Chavis,675627,Michael Grove,666801,Rodolfo Castro,R,Austin Barnes,605131,2,8,9,True,2022-06-01,Stolen,2B,2022,2023,27.8,2023,27.8,2023,27.8,2023,27.8,2023,27.8,2023,27.8,2023,27.8,2023,27.8
369,369,369,369,369,369,369,369,2B,3B,Stolen Base 3B,592206,Nick Castellanos,660813,Brusdar Graterol,592663,J.T. Realmuto,R,Austin Barnes,605131,9,12,10,True,2022-05-13,Stolen,3B,2022,2023,27.8,2023,27.8,2023,27.8,2023,27.8,2023,27.8,2023,27.8,2023,27.8,2023,27.8
370,370,370,370,370,370,370,370,1B,2B,Stolen Base 2B,663647,Ke'Bryan Hayes,641360,Phil Bickford,668804,Bryan Reynolds,R,Austin Barnes,605131,2,0,7,False,2022-05-09,Stolen,2B,2022,2023,27.8,2023,27.8,2023,27.8,2023,27.8,2023,27.8,2023,27.8,2023,27.8,2023,27.8
371,371,371,371,371,371,371,371,1B,2B,Stolen Base 2B,645277,Ozzie Albies,621111,Walker Buehler,621566,Matt Olson,R,Austin Barnes,605131,0,2,5,True,2022-04-19,Stolen,2B,2022,2023,27.8,2023,27.8,2023,27.8,2023,27.8,2023,27.8,2023,27.8,2023,27.8,2023,27.8
372,372,372,372,372,372,372,372,1B,2B,Stolen Base 2B,663586,Austin Riley,621111,Walker Buehler,542303,Marcell Ozuna,R,Austin Barnes,605131,0,3,5,True,2022-04-19,Stolen,2B,2022,2023,27.8,2023,27.8,2023,27.8,2023,27.8,2023,27.8,2023,27.8,2023,27.8,2023,27.8
373,373,373,373,373,373,373,373,1B,,Caught Stealing 2B,592273,Brandon Drury,628711,Julio Urías,641584,Jake Fraley,L,Austin Barnes,605131,0,0,3,True,2022-04-16,Caught,2B,2022,2023,27.8,2023,27.8,2023,27.8,2023,27.8,2023,27.8,2023,27.8,2023,27.8,2023,27.8
374,374,374,374,374,374,374,374,1B,,Caught Stealing 2B,642180,Tyler Wade,676272,Bobby Miller,664058,David Fletcher,R,Austin Barnes,605131,2,0,3,True,2022-04-05,Caught,2B,2022,2023,27.8,2023,27.8,2023,27.8,2023,27.8,2023,27.8,2023,27.8,2023,27.8,2023,27.8
375,375,375,375,375,375,375,375,1B,2B,Stolen Base 2B,669016,Brandon Marsh,660813,Brusdar Graterol,670351,Jose Rojas,R,Austin Barnes,605131,3,0,6,True,2022-04-05,Stolen,2B,2022,2023,27.8,2023,27.8,2023,27.8,2023,27.8,2023,27.8,2023,27.8,2023,27.8,2023,27.8
376,376,376,376,376,376,376,376,2B,3B,Stolen Base 3B,572041,AJ Pollock,487675,Edward Paredes,518614,Daniel Descalso,L,Austin Barnes,605131,2,1,6,False,2018-05-03,Stolen,3B,2018,2019,28.2,2019,28.2,2019,28.2,2019,28.2,2019,28.2,2019,28.2,2019,28.2,2019,28.2
377,377,377,377,377,377,377,377,1B,2B,Stolen Base 2B,606466,Ketel Marte,487675,Edward Paredes,518614,Daniel Descalso,L,Austin Barnes,605131,2,1,6,False,2018-05-03,Stolen,2B,2018,2019,28.2,2019,28.2,2019,28.2,2019,28.2,2019,28.2,2019,28.2,2019,28.2,2019,28.2
378,378,378,378,378,378,378,378,1B,2B,Stolen Base 2B,453923,Grégor Blanco,621111,Walker Buehler,543063,Brandon Crawford,R,Austin Barnes,605131,0,3,1,False,2018-04-28,Stolen,2B,2018,2019,28.2,2019,28.2,2019,28.2,2019,28.2,2019,28.2,2019,28.2,2019,28.2,2019,28.2
379,379,379,379,379,379,379,379,1B,2B,Stolen Base 2B,491676,Gorkys Hernández,520980,Pedro Báez,474832,Brandon Belt,R,Austin Barnes,605131,5,12,7,False,2018-04-28,Stolen,2B,2018,2019,28.2,2019,28.2,2019,28.2,2019,28.2,2019,28.2,2019,28.2,2019,28.2,2019,28.2
380,380,380,380,380,380,380,380,1B,,Caught Stealing 2B,457763,Buster Posey,448179,Rich Hill,446334,Evan Longoria,L,Austin Barnes,605131,1,0,1,False,2018-04-07,Caught,2B,2018,2019,28.2,2019,28.2,2019,28.2,2019,28.2,2019,28.2,2019,28.2,2019,28.2,2019,28.2
381,381,381,381,381,381,381,381,1B,2B,Stolen Base 2B,446334,Evan Longoria,448179,Rich Hill,474832,Brandon Belt,L,Austin Barnes,605131,3,1,4,False,2018-04-07,Stolen,2B,2018,2019,28.2,2019,28.2,2019,28.2,2019,28.2,2019,28.2,2019,28.2,2019,28.2,2019,28.2
382,382,382,382,382,382,382,382,1B,2B,Stolen Base 2B,457705,Andrew McCutchen,445276,Kenley Jansen,446334,Evan Longoria,R,Austin Barnes,605131,4,4,12,False,2018-04-07,Stolen,2B,2018,2019,28.2,2019,28.2,2019,28.2,2019,28.2,2019,28.2,2019,28.2,2019,28.2,2019,28.2
383,383,383,383,383,383,383,383,1B,2B,Stolen Base 2B,453923,Grégor Blanco,621111,Walker Buehler,543063,Brandon Crawford,R,Austin Barnes,605131,0,3,1,False,2018-04-06,Stolen,2B,2018,2019,28.2,2019,28.2,2019,28.2,2019,28.2,2019,28.2,2019,28.2,2019,28.2,2019,28.2
384,384,384,384,384,384,384,384,1B,2B,Stolen Base 2B,491676,Gorkys Hernández,520980,Pedro Báez,474832,Brandon Belt,R,Austin Barnes,605131,5,12,7,False,2018-04-06,Stolen,2B,2018,2019,28.2,2019,28.2,2019,28.2,2019,28.2,2019,28.2,2019,28.2,2019,28.2,2019,28.2
