,Unnamed: 0.8,Unnamed: 0.7,Unnamed: 0.6,Unnamed: 0.5,Unnamed: 0.4,Unnamed: 0.3,Unnamed: 0.2,Unnamed: 0.1,Unnamed: 0,Start_Base,End_Base,Event,runner_id,runner_name,pitcher_id,pitcher_name,batter_id,batter_name,pitch_hand,credit,credit_id,homeScore,awayScore,inning,isTopInning,Date,Action,Base,Year,Current_Year_x,Sprint_x,Current_Year_y,Sprint_y,Current_Year_x.1,Sprint_x.1,Current_Year_y.1,Sprint_y.1,Current_Year_x.2,Sprint_x.2,Current_Year_y.2,Sprint_y.2,Current_Year_x.3,Sprint_x.3,Current_Year_y.3,Sprint_y.3,Current_Year,Sprint
0,0,0,0,0,0,0,0,0,34,1B,2B,Stolen Base 2B,596115,Trevor Story,622492,Keury Mella,658069,Joshua Fuentes,R,Daulton Varsho,662139,3,7,7,True,2020-09-26,Stolen,2B,2020,2021,28.6,2021,28.6,2021,28.6,2021,28.6,2021,28.6,2021,28.6,2021,28.6,2021,28.6,2021,28.6
1,1,1,1,1,1,1,1,1,92,1B,,Caught Stealing 2B,596115,Trevor Story,657277,Logan Webb,453568,Charlie Blackmon,R,Joey Bart,663698,0,1,3,True,2020-09-23,Caught,2B,2020,2021,28.6,2021,28.6,2021,28.6,2021,28.6,2021,28.6,2021,28.6,2021,28.6,2021,28.6,2021,28.6
2,2,2,2,2,2,2,2,2,306,1B,2B,Stolen Base 2B,596115,Trevor Story,642545,Jaime Barria,453568,Charlie Blackmon,R,Max Stassi,545358,1,0,3,False,2020-09-12,Stolen,2B,2020,2021,28.6,2021,28.6,2021,28.6,2021,28.6,2021,28.6,2021,28.6,2021,28.6,2021,28.6,2021,28.6
3,3,3,3,3,3,3,3,3,402,2B,3B,Stolen Base 3B,596115,Trevor Story,605182,Mike Clevinger,453568,Charlie Blackmon,R,Jason Castro,488771,0,0,1,True,2020-09-08,Stolen,3B,2020,2021,28.6,2021,28.6,2021,28.6,2021,28.6,2021,28.6,2021,28.6,2021,28.6,2021,28.6,2021,28.6
4,4,4,4,4,4,4,4,4,420,1B,2B,Stolen Base 2B,596115,Trevor Story,519141,Drew Pomeranz,607680,Kevin Pillar,L,Austin Nola,543592,0,0,9,True,2020-09-07,Stolen,2B,2020,2021,28.6,2021,28.6,2021,28.6,2021,28.6,2021,28.6,2021,28.6,2021,28.6,2021,28.6,2021,28.6
5,5,5,5,5,5,5,5,5,434,1B,2B,Stolen Base 2B,596115,Trevor Story,628711,Julio Urías,571448,Nolan Arenado,L,Will Smith,669257,0,0,1,True,2020-09-06,Stolen,2B,2020,2021,28.6,2021,28.6,2021,28.6,2021,28.6,2021,28.6,2021,28.6,2021,28.6,2021,28.6,2021,28.6
6,6,6,6,6,6,6,6,6,436,1B,2B,Stolen Base 2B,596115,Trevor Story,660813,Brusdar Graterol,571448,Nolan Arenado,R,Will Smith,669257,6,5,7,True,2020-09-06,Stolen,2B,2020,2021,28.6,2021,28.6,2021,28.6,2021,28.6,2021,28.6,2021,28.6,2021,28.6,2021,28.6,2021,28.6
7,7,7,7,7,7,7,7,7,532,1B,2B,Stolen Base 2B,596115,Trevor Story,670056,Caleb Baragar,453568,Charlie Blackmon,L,Joey Bart,663698,9,6,8,False,2020-09-02,Stolen,2B,2020,2021,28.6,2021,28.6,2021,28.6,2021,28.6,2021,28.6,2021,28.6,2021,28.6,2021,28.6,2021,28.6
8,8,8,8,8,8,8,8,8,648,1B,2B,Stolen Base 2B,596115,Trevor Story,592662,Robbie Ray,571448,Nolan Arenado,L,Stephen Vogt,519390,0,2,3,True,2020-08-26,Stolen,2B,2020,2021,28.6,2021,28.6,2021,28.6,2021,28.6,2021,28.6,2021,28.6,2021,28.6,2021,28.6,2021,28.6
9,9,9,9,9,9,9,9,9,669,1B,2B,Stolen Base 2B,596115,Trevor Story,622065,Alex Young,453568,Charlie Blackmon,L,Stephen Vogt,519390,2,2,3,True,2020-08-25,Stolen,2B,2020,2021,28.6,2021,28.6,2021,28.6,2021,28.6,2021,28.6,2021,28.6,2021,28.6,2021,28.6,2021,28.6
10,10,10,10,10,10,10,10,10,670,1B,2B,Stolen Base 2B,596115,Trevor Story,592233,Stefan Crichton,571448,Nolan Arenado,R,Stephen Vogt,519390,3,4,7,True,2020-08-25,Stolen,2B,2020,2021,28.6,2021,28.6,2021,28.6,2021,28.6,2021,28.6,2021,28.6,2021,28.6,2021,28.6,2021,28.6
11,11,11,11,11,11,11,11,11,748,1B,2B,Stolen Base 2B,596115,Trevor Story,621111,Walker Buehler,453568,Charlie Blackmon,R,Austin Barnes,605131,4,1,6,True,2020-08-21,Stolen,2B,2020,2021,28.6,2021,28.6,2021,28.6,2021,28.6,2021,28.6,2021,28.6,2021,28.6,2021,28.6,2021,28.6
12,12,12,12,12,12,12,12,12,925,1B,2B,Stolen Base 2B,596115,Trevor Story,668678,Zac Gallen,453568,Charlie Blackmon,R,Carson Kelly,608348,2,1,5,False,2020-08-11,Stolen,2B,2020,2021,28.6,2021,28.6,2021,28.6,2021,28.6,2021,28.6,2021,28.6,2021,28.6,2021,28.6,2021,28.6
13,13,13,13,13,13,13,13,13,965,1B,2B,Stolen Base 2B,596115,Trevor Story,607555,Taylor Guilbeau,453568,Charlie Blackmon,L,Joe Hudson,621529,0,5,6,True,2020-08-08,Stolen,2B,2020,2021,28.6,2021,28.6,2021,28.6,2021,28.6,2021,28.6,2021,28.6,2021,28.6,2021,28.6,2021,28.6
14,14,14,14,14,14,14,14,14,1159,1B,2B,Stolen Base 2B,596115,Trevor Story,666200,Jesús Luzardo,453568,Charlie Blackmon,L,Sean Murphy,669221,1,5,9,True,2020-07-29,Stolen,2B,2020,2021,28.6,2021,28.6,2021,28.6,2021,28.6,2021,28.6,2021,28.6,2021,28.6,2021,28.6,2021,28.6
15,15,15,15,15,15,15,15,15,1191,1B,,Caught Stealing 2B,596115,Trevor Story,446372,Corey Kluber,453568,Charlie Blackmon,R,Robinson Chirinos,455139,0,0,1,True,2020-07-26,Caught,2B,2020,2021,28.6,2021,28.6,2021,28.6,2021,28.6,2021,28.6,2021,28.6,2021,28.6,2021,28.6,2021,28.6
16,16,16,16,16,16,16,16,16,1225,1B,2B,Stolen Base 2B,596115,Trevor Story,458681,Lance Lynn,571448,Nolan Arenado,R,Robinson Chirinos,455139,0,0,1,True,2020-07-24,Stolen,2B,2020,2021,28.6,2021,28.6,2021,28.6,2021,28.6,2021,28.6,2021,28.6,2021,28.6,2021,28.6,2021,28.6
17,17,17,17,17,17,17,17,17,2877,1B,2B,Stolen Base 2B,596115,Trevor Story,622492,Keury Mella,658069,Joshua Fuentes,R,Daulton Varsho,662139,3,7,7,True,2020-09-26,Stolen,2B,2020,2021,28.6,2021,28.6,2021,28.6,2021,28.6,2021,28.6,2021,28.6,2021,28.6,2021,28.6,2021,28.6
18,18,18,18,18,18,18,18,18,2935,1B,,Caught Stealing 2B,596115,Trevor Story,657277,Logan Webb,453568,Charlie Blackmon,R,Joey Bart,663698,0,1,3,True,2020-09-23,Caught,2B,2020,2021,28.6,2021,28.6,2021,28.6,2021,28.6,2021,28.6,2021,28.6,2021,28.6,2021,28.6,2021,28.6
19,19,19,19,19,19,19,19,19,3149,1B,2B,Stolen Base 2B,596115,Trevor Story,642545,Jaime Barria,453568,Charlie Blackmon,R,Max Stassi,545358,1,0,3,False,2020-09-12,Stolen,2B,2020,2021,28.6,2021,28.6,2021,28.6,2021,28.6,2021,28.6,2021,28.6,2021,28.6,2021,28.6,2021,28.6
20,20,20,20,20,20,20,20,20,3245,2B,3B,Stolen Base 3B,596115,Trevor Story,605182,Mike Clevinger,453568,Charlie Blackmon,R,Jason Castro,488771,0,0,1,True,2020-09-08,Stolen,3B,2020,2021,28.6,2021,28.6,2021,28.6,2021,28.6,2021,28.6,2021,28.6,2021,28.6,2021,28.6,2021,28.6
21,21,21,21,21,21,21,21,21,3263,1B,2B,Stolen Base 2B,596115,Trevor Story,519141,Drew Pomeranz,607680,Kevin Pillar,L,Austin Nola,543592,0,0,9,True,2020-09-07,Stolen,2B,2020,2021,28.6,2021,28.6,2021,28.6,2021,28.6,2021,28.6,2021,28.6,2021,28.6,2021,28.6,2021,28.6
22,22,22,22,22,22,22,22,22,3277,1B,2B,Stolen Base 2B,596115,Trevor Story,628711,Julio Urías,571448,Nolan Arenado,L,Will Smith,669257,0,0,1,True,2020-09-06,Stolen,2B,2020,2021,28.6,2021,28.6,2021,28.6,2021,28.6,2021,28.6,2021,28.6,2021,28.6,2021,28.6,2021,28.6
23,23,23,23,23,23,23,23,23,3279,1B,2B,Stolen Base 2B,596115,Trevor Story,660813,Brusdar Graterol,571448,Nolan Arenado,R,Will Smith,669257,6,5,7,True,2020-09-06,Stolen,2B,2020,2021,28.6,2021,28.6,2021,28.6,2021,28.6,2021,28.6,2021,28.6,2021,28.6,2021,28.6,2021,28.6
24,24,24,24,24,24,24,24,24,3375,1B,2B,Stolen Base 2B,596115,Trevor Story,670056,Caleb Baragar,453568,Charlie Blackmon,L,Joey Bart,663698,9,6,8,False,2020-09-02,Stolen,2B,2020,2021,28.6,2021,28.6,2021,28.6,2021,28.6,2021,28.6,2021,28.6,2021,28.6,2021,28.6,2021,28.6
25,25,25,25,25,25,25,25,25,3491,1B,2B,Stolen Base 2B,596115,Trevor Story,592662,Robbie Ray,571448,Nolan Arenado,L,Stephen Vogt,519390,0,2,3,True,2020-08-26,Stolen,2B,2020,2021,28.6,2021,28.6,2021,28.6,2021,28.6,2021,28.6,2021,28.6,2021,28.6,2021,28.6,2021,28.6
26,26,26,26,26,26,26,26,26,3512,1B,2B,Stolen Base 2B,596115,Trevor Story,622065,Alex Young,453568,Charlie Blackmon,L,Stephen Vogt,519390,2,2,3,True,2020-08-25,Stolen,2B,2020,2021,28.6,2021,28.6,2021,28.6,2021,28.6,2021,28.6,2021,28.6,2021,28.6,2021,28.6,2021,28.6
27,27,27,27,27,27,27,27,27,3513,1B,2B,Stolen Base 2B,596115,Trevor Story,592233,Stefan Crichton,571448,Nolan Arenado,R,Stephen Vogt,519390,3,4,7,True,2020-08-25,Stolen,2B,2020,2021,28.6,2021,28.6,2021,28.6,2021,28.6,2021,28.6,2021,28.6,2021,28.6,2021,28.6,2021,28.6
28,28,28,28,28,28,28,28,28,3591,1B,2B,Stolen Base 2B,596115,Trevor Story,621111,Walker Buehler,453568,Charlie Blackmon,R,Austin Barnes,605131,4,1,6,True,2020-08-21,Stolen,2B,2020,2021,28.6,2021,28.6,2021,28.6,2021,28.6,2021,28.6,2021,28.6,2021,28.6,2021,28.6,2021,28.6
29,29,29,29,29,29,29,29,29,3768,1B,2B,Stolen Base 2B,596115,Trevor Story,668678,Zac Gallen,453568,Charlie Blackmon,R,Carson Kelly,608348,2,1,5,False,2020-08-11,Stolen,2B,2020,2021,28.6,2021,28.6,2021,28.6,2021,28.6,2021,28.6,2021,28.6,2021,28.6,2021,28.6,2021,28.6
30,30,30,30,30,30,30,30,30,3808,1B,2B,Stolen Base 2B,596115,Trevor Story,607555,Taylor Guilbeau,453568,Charlie Blackmon,L,Joe Hudson,621529,0,5,6,True,2020-08-08,Stolen,2B,2020,2021,28.6,2021,28.6,2021,28.6,2021,28.6,2021,28.6,2021,28.6,2021,28.6,2021,28.6,2021,28.6
31,31,31,31,31,31,31,31,31,4002,1B,2B,Stolen Base 2B,596115,Trevor Story,666200,Jesús Luzardo,453568,Charlie Blackmon,L,Sean Murphy,669221,1,5,9,True,2020-07-29,Stolen,2B,2020,2021,28.6,2021,28.6,2021,28.6,2021,28.6,2021,28.6,2021,28.6,2021,28.6,2021,28.6,2021,28.6
32,32,32,32,32,32,32,32,32,4034,1B,,Caught Stealing 2B,596115,Trevor Story,446372,Corey Kluber,453568,Charlie Blackmon,R,Robinson Chirinos,455139,0,0,1,True,2020-07-26,Caught,2B,2020,2021,28.6,2021,28.6,2021,28.6,2021,28.6,2021,28.6,2021,28.6,2021,28.6,2021,28.6,2021,28.6
33,33,33,33,33,33,33,33,33,4068,1B,2B,Stolen Base 2B,596115,Trevor Story,458681,Lance Lynn,571448,Nolan Arenado,R,Robinson Chirinos,455139,0,0,1,True,2020-07-24,Stolen,2B,2020,2021,28.6,2021,28.6,2021,28.6,2021,28.6,2021,28.6,2021,28.6,2021,28.6,2021,28.6,2021,28.6
34,34,34,34,34,34,34,34,34,4801,1B,2B,Stolen Base 2B,596115,Trevor Story,622492,Keury Mella,658069,Joshua Fuentes,R,Daulton Varsho,662139,3,7,7,True,2020-09-26,Stolen,2B,2020,2021,28.6,2021,28.6,2021,28.6,2021,28.6,2021,28.6,2021,28.6,2021,28.6,2021,28.6,2021,28.6
35,35,35,35,35,35,35,35,35,4859,1B,,Caught Stealing 2B,596115,Trevor Story,657277,Logan Webb,453568,Charlie Blackmon,R,Joey Bart,663698,0,1,3,True,2020-09-23,Caught,2B,2020,2021,28.6,2021,28.6,2021,28.6,2021,28.6,2021,28.6,2021,28.6,2021,28.6,2021,28.6,2021,28.6
36,36,36,36,36,36,36,36,36,5073,1B,2B,Stolen Base 2B,596115,Trevor Story,642545,Jaime Barria,453568,Charlie Blackmon,R,Max Stassi,545358,1,0,3,False,2020-09-12,Stolen,2B,2020,2021,28.6,2021,28.6,2021,28.6,2021,28.6,2021,28.6,2021,28.6,2021,28.6,2021,28.6,2021,28.6
37,37,37,37,37,37,37,37,37,5169,2B,3B,Stolen Base 3B,596115,Trevor Story,605182,Mike Clevinger,453568,Charlie Blackmon,R,Jason Castro,488771,0,0,1,True,2020-09-08,Stolen,3B,2020,2021,28.6,2021,28.6,2021,28.6,2021,28.6,2021,28.6,2021,28.6,2021,28.6,2021,28.6,2021,28.6
38,38,38,38,38,38,38,38,38,5187,1B,2B,Stolen Base 2B,596115,Trevor Story,519141,Drew Pomeranz,607680,Kevin Pillar,L,Austin Nola,543592,0,0,9,True,2020-09-07,Stolen,2B,2020,2021,28.6,2021,28.6,2021,28.6,2021,28.6,2021,28.6,2021,28.6,2021,28.6,2021,28.6,2021,28.6
39,39,39,39,39,39,39,39,39,5201,1B,2B,Stolen Base 2B,596115,Trevor Story,628711,Julio Urías,571448,Nolan Arenado,L,Will Smith,669257,0,0,1,True,2020-09-06,Stolen,2B,2020,2021,28.6,2021,28.6,2021,28.6,2021,28.6,2021,28.6,2021,28.6,2021,28.6,2021,28.6,2021,28.6
40,40,40,40,40,40,40,40,40,5203,1B,2B,Stolen Base 2B,596115,Trevor Story,660813,Brusdar Graterol,571448,Nolan Arenado,R,Will Smith,669257,6,5,7,True,2020-09-06,Stolen,2B,2020,2021,28.6,2021,28.6,2021,28.6,2021,28.6,2021,28.6,2021,28.6,2021,28.6,2021,28.6,2021,28.6
41,41,41,41,41,41,41,41,41,5299,1B,2B,Stolen Base 2B,596115,Trevor Story,670056,Caleb Baragar,453568,Charlie Blackmon,L,Joey Bart,663698,9,6,8,False,2020-09-02,Stolen,2B,2020,2021,28.6,2021,28.6,2021,28.6,2021,28.6,2021,28.6,2021,28.6,2021,28.6,2021,28.6,2021,28.6
42,42,42,42,42,42,42,42,42,5415,1B,2B,Stolen Base 2B,596115,Trevor Story,592662,Robbie Ray,571448,Nolan Arenado,L,Stephen Vogt,519390,0,2,3,True,2020-08-26,Stolen,2B,2020,2021,28.6,2021,28.6,2021,28.6,2021,28.6,2021,28.6,2021,28.6,2021,28.6,2021,28.6,2021,28.6
43,43,43,43,43,43,43,43,43,5436,1B,2B,Stolen Base 2B,596115,Trevor Story,622065,Alex Young,453568,Charlie Blackmon,L,Stephen Vogt,519390,2,2,3,True,2020-08-25,Stolen,2B,2020,2021,28.6,2021,28.6,2021,28.6,2021,28.6,2021,28.6,2021,28.6,2021,28.6,2021,28.6,2021,28.6
44,44,44,44,44,44,44,44,44,5437,1B,2B,Stolen Base 2B,596115,Trevor Story,592233,Stefan Crichton,571448,Nolan Arenado,R,Stephen Vogt,519390,3,4,7,True,2020-08-25,Stolen,2B,2020,2021,28.6,2021,28.6,2021,28.6,2021,28.6,2021,28.6,2021,28.6,2021,28.6,2021,28.6,2021,28.6
45,45,45,45,45,45,45,45,45,5515,1B,2B,Stolen Base 2B,596115,Trevor Story,621111,Walker Buehler,453568,Charlie Blackmon,R,Austin Barnes,605131,4,1,6,True,2020-08-21,Stolen,2B,2020,2021,28.6,2021,28.6,2021,28.6,2021,28.6,2021,28.6,2021,28.6,2021,28.6,2021,28.6,2021,28.6
46,46,46,46,46,46,46,46,46,5692,1B,2B,Stolen Base 2B,596115,Trevor Story,668678,Zac Gallen,453568,Charlie Blackmon,R,Carson Kelly,608348,2,1,5,False,2020-08-11,Stolen,2B,2020,2021,28.6,2021,28.6,2021,28.6,2021,28.6,2021,28.6,2021,28.6,2021,28.6,2021,28.6,2021,28.6
47,47,47,47,47,47,47,47,47,5732,1B,2B,Stolen Base 2B,596115,Trevor Story,607555,Taylor Guilbeau,453568,Charlie Blackmon,L,Joe Hudson,621529,0,5,6,True,2020-08-08,Stolen,2B,2020,2021,28.6,2021,28.6,2021,28.6,2021,28.6,2021,28.6,2021,28.6,2021,28.6,2021,28.6,2021,28.6
48,48,48,48,48,48,48,48,48,5926,1B,2B,Stolen Base 2B,596115,Trevor Story,666200,Jesús Luzardo,453568,Charlie Blackmon,L,Sean Murphy,669221,1,5,9,True,2020-07-29,Stolen,2B,2020,2021,28.6,2021,28.6,2021,28.6,2021,28.6,2021,28.6,2021,28.6,2021,28.6,2021,28.6,2021,28.6
49,49,49,49,49,49,49,49,49,5958,1B,,Caught Stealing 2B,596115,Trevor Story,446372,Corey Kluber,453568,Charlie Blackmon,R,Robinson Chirinos,455139,0,0,1,True,2020-07-26,Caught,2B,2020,2021,28.6,2021,28.6,2021,28.6,2021,28.6,2021,28.6,2021,28.6,2021,28.6,2021,28.6,2021,28.6
50,50,50,50,50,50,50,50,50,5992,1B,2B,Stolen Base 2B,596115,Trevor Story,458681,Lance Lynn,571448,Nolan Arenado,R,Robinson Chirinos,455139,0,0,1,True,2020-07-24,Stolen,2B,2020,2021,28.6,2021,28.6,2021,28.6,2021,28.6,2021,28.6,2021,28.6,2021,28.6,2021,28.6,2021,28.6
51,51,51,51,51,51,51,51,51,1316,1B,2B,Stolen Base 2B,596115,Trevor Story,605200,Zach Davies,641857,Ryan McMahon,R,Manny Piña,444489,1,2,4,False,2019-09-27,Stolen,2B,2019,2020,28.9,2020,28.9,2020,28.9,2020,28.9,2020,28.9,2020,28.9,2020,28.9,2020,28.9,2020,28.9
52,52,52,52,52,52,52,52,52,1338,2B,3B,Stolen Base 3B,596115,Trevor Story,472551,Fernando Abad,656541,Sam Hilliard,L,Aramis Garcia,605244,4,3,8,True,2019-09-26,Stolen,3B,2019,2020,28.9,2020,28.9,2020,28.9,2020,28.9,2020,28.9,2020,28.9,2020,28.9,2020,28.9,2020,28.9
53,53,53,53,53,53,53,53,53,1467,1B,2B,Stolen Base 2B,596115,Trevor Story,544727,Jeurys Familia,641857,Ryan McMahon,R,Tomás Nido,621512,4,2,6,False,2019-09-18,Stolen,2B,2019,2020,28.9,2020,28.9,2020,28.9,2020,28.9,2020,28.9,2020,28.9,2020,28.9,2020,28.9,2020,28.9
54,54,54,54,54,54,54,54,54,1662,1B,2B,Stolen Base 2B,596115,Trevor Story,659275,Dinelson Lamet,453568,Charlie Blackmon,R,Austin Allen,664119,0,1,1,True,2019-09-06,Stolen,2B,2019,2020,28.9,2020,28.9,2020,28.9,2020,28.9,2020,28.9,2020,28.9,2020,28.9,2020,28.9,2020,28.9
55,55,55,55,55,55,55,55,55,1845,1B,2B,Stolen Base 2B,596115,Trevor Story,527054,Julio Teheran,502517,Daniel Murphy,R,Tyler Flowers,452095,0,0,6,False,2019-08-26,Stolen,2B,2019,2020,28.9,2020,28.9,2020,28.9,2020,28.9,2020,28.9,2020,28.9,2020,28.9,2020,28.9,2020,28.9
56,56,56,56,56,56,56,56,56,1925,1B,2B,Stolen Base 2B,596115,Trevor Story,606303,Joel Payamps,453568,Charlie Blackmon,R,Alex Avila,488671,1,7,7,True,2019-08-21,Stolen,2B,2019,2020,28.9,2020,28.9,2020,28.9,2020,28.9,2020,28.9,2020,28.9,2020,28.9,2020,28.9,2020,28.9
57,57,57,57,57,57,57,57,57,1962,1B,,Caught Stealing 2B,596115,Trevor Story,657141,Jordan Yamamoto,571448,Nolan Arenado,R,Jorge Alfaro,595751,2,3,6,False,2019-08-18,Caught,2B,2019,2020,28.9,2020,28.9,2020,28.9,2020,28.9,2020,28.9,2020,28.9,2020,28.9,2020,28.9,2020,28.9
58,58,58,58,58,58,58,58,58,1987,1B,2B,Stolen Base 2B,596115,Trevor Story,645261,Sandy Alcantara,571448,Nolan Arenado,R,Jorge Alfaro,595751,2,0,3,False,2019-08-16,Stolen,2B,2019,2020,28.9,2020,28.9,2020,28.9,2020,28.9,2020,28.9,2020,28.9,2020,28.9,2020,28.9,2020,28.9
59,59,59,59,59,59,59,59,59,2055,1B,2B,Stolen Base 2B,596115,Trevor Story,659275,Dinelson Lamet,475174,Yonder Alonso,R,Francisco Mejía,642336,0,0,1,True,2019-08-11,Stolen,2B,2019,2020,28.9,2020,28.9,2020,28.9,2020,28.9,2020,28.9,2020,28.9,2020,28.9,2020,28.9,2020,28.9
60,60,60,60,60,60,60,60,60,2113,1B,2B,Stolen Base 2B,596115,Trevor Story,621381,Matt Strahm,571448,Nolan Arenado,L,Francisco Mejía,642336,3,3,5,True,2019-08-08,Stolen,2B,2019,2020,28.9,2020,28.9,2020,28.9,2020,28.9,2020,28.9,2020,28.9,2020,28.9,2020,28.9,2020,28.9
61,61,61,61,61,61,61,61,61,2271,1B,2B,Stolen Base 2B,596115,Trevor Story,628317,Kenta Maeda,502517,Daniel Murphy,R,Will Smith,669257,0,0,1,False,2019-07-29,Stolen,2B,2019,2020,28.9,2020,28.9,2020,28.9,2020,28.9,2020,28.9,2020,28.9,2020,28.9,2020,28.9,2020,28.9
62,62,62,62,62,62,62,62,62,2345,1B,2B,Stolen Base 2B,596115,Trevor Story,607200,Erick Fedde,571448,Nolan Arenado,R,Kurt Suzuki,435559,0,0,3,True,2019-07-24,Stolen,2B,2019,2020,28.9,2020,28.9,2020,28.9,2020,28.9,2020,28.9,2020,28.9,2020,28.9,2020,28.9,2020,28.9
63,63,63,63,63,63,63,63,63,2363,1B,2B,Stolen Base 2B,596115,Trevor Story,607200,Erick Fedde,571448,Nolan Arenado,R,Kurt Suzuki,435559,0,0,3,True,2019-07-22,Stolen,2B,2019,2020,28.9,2020,28.9,2020,28.9,2020,28.9,2020,28.9,2020,28.9,2020,28.9,2020,28.9,2020,28.9
64,64,64,64,64,64,64,64,64,2944,1B,2B,Stolen Base 2B,596115,Trevor Story,615698,Cal Quantrill,621311,David Dahl,R,Austin Hedges,595978,2,1,3,False,2019-06-14,Stolen,2B,2019,2020,28.9,2020,28.9,2020,28.9,2020,28.9,2020,28.9,2020,28.9,2020,28.9,2020,28.9,2020,28.9
65,65,65,65,65,65,65,65,65,3110,1B,2B,Stolen Base 2B,596115,Trevor Story,506433,Yu Darvish,571448,Nolan Arenado,R,Willson Contreras,575929,0,0,1,True,2019-06-05,Stolen,2B,2019,2020,28.9,2020,28.9,2020,28.9,2020,28.9,2020,28.9,2020,28.9,2020,28.9,2020,28.9,2020,28.9
66,66,66,66,66,66,66,66,66,3215,1B,2B,Stolen Base 2B,596115,Trevor Story,592662,Robbie Ray,448602,Mark Reynolds,L,Alex Avila,488671,1,0,1,False,2019-05-29,Stolen,2B,2019,2020,28.9,2020,28.9,2020,28.9,2020,28.9,2020,28.9,2020,28.9,2020,28.9,2020,28.9,2020,28.9
67,67,67,67,67,67,67,67,67,3262,1B,2B,Stolen Base 2B,596115,Trevor Story,642073,Jimmie Sherfy,435622,Ian Desmond,R,Alex Avila,488671,3,3,9,False,2019-05-27,Stolen,2B,2019,2020,28.9,2020,28.9,2020,28.9,2020,28.9,2020,28.9,2020,28.9,2020,28.9,2020,28.9,2020,28.9
68,68,68,68,68,68,68,68,68,3343,1B,,Caught Stealing 2B,596115,Trevor Story,592468,Nick Kingham,571448,Nolan Arenado,R,Elias Díaz,553869,2,6,4,True,2019-05-22,Caught,2B,2019,2020,28.9,2020,28.9,2020,28.9,2020,28.9,2020,28.9,2020,28.9,2020,28.9,2020,28.9,2020,28.9
69,69,69,69,69,69,69,69,69,3556,1B,2B,Stolen Base 2B,596115,Trevor Story,502706,Derek Holland,571448,Nolan Arenado,L,Stephen Vogt,519390,3,0,2,False,2019-05-09,Stolen,2B,2019,2020,28.9,2020,28.9,2020,28.9,2020,28.9,2020,28.9,2020,28.9,2020,28.9,2020,28.9,2020,28.9
70,70,70,70,70,70,70,70,70,3664,1B,2B,Stolen Base 2B,596115,Trevor Story,642547,Freddy Peralta,621311,David Dahl,R,Manny Piña,444489,0,5,2,True,2019-05-02,Stolen,2B,2019,2020,28.9,2020,28.9,2020,28.9,2020,28.9,2020,28.9,2020,28.9,2020,28.9,2020,28.9,2020,28.9
71,71,71,71,71,71,71,71,71,3813,1B,2B,Stolen Base 2B,596115,Trevor Story,476451,Jeremy Hellickson,448602,Mark Reynolds,R,Yan Gomes,543228,2,2,3,False,2019-04-22,Stolen,2B,2019,2020,28.9,2020,28.9,2020,28.9,2020,28.9,2020,28.9,2020,28.9,2020,28.9,2020,28.9,2020,28.9
72,72,72,72,72,72,72,72,72,3821,1B,2B,Stolen Base 2B,596115,Trevor Story,595191,Jerad Eickhoff,641857,Ryan McMahon,R,Andrew Knapp,595284,1,0,6,False,2019-04-21,Stolen,2B,2019,2020,28.9,2020,28.9,2020,28.9,2020,28.9,2020,28.9,2020,28.9,2020,28.9,2020,28.9,2020,28.9
73,73,73,73,73,73,73,73,73,3920,1B,2B,Stolen Base 2B,596115,Trevor Story,676606,Nick Margevicius,448602,Mark Reynolds,L,Francisco Mejía,642336,0,2,1,True,2019-04-16,Stolen,2B,2019,2020,28.9,2020,28.9,2020,28.9,2020,28.9,2020,28.9,2020,28.9,2020,28.9,2020,28.9,2020,28.9
74,74,74,74,74,74,74,74,74,3921,1B,2B,Stolen Base 2B,596115,Trevor Story,676606,Nick Margevicius,448602,Mark Reynolds,L,Francisco Mejía,642336,0,3,3,True,2019-04-16,Stolen,2B,2019,2020,28.9,2020,28.9,2020,28.9,2020,28.9,2020,28.9,2020,28.9,2020,28.9,2020,28.9,2020,28.9
75,75,75,75,75,75,75,75,75,3922,2B,3B,Stolen Base 3B,596115,Trevor Story,676606,Nick Margevicius,606132,Raimel Tapia,L,Francisco Mejía,642336,0,5,3,True,2019-04-16,Stolen,3B,2019,2020,28.9,2020,28.9,2020,28.9,2020,28.9,2020,28.9,2020,28.9,2020,28.9,2020,28.9,2020,28.9
76,76,76,76,76,76,76,76,76,3997,1B,2B,Stolen Base 2B,596115,Trevor Story,519141,Drew Pomeranz,435622,Ian Desmond,L,Erik Kratz,456124,0,2,4,True,2019-04-12,Stolen,2B,2019,2020,28.9,2020,28.9,2020,28.9,2020,28.9,2020,28.9,2020,28.9,2020,28.9,2020,28.9,2020,28.9
77,77,77,77,77,77,77,77,77,4033,1B,2B,Stolen Base 2B,596115,Trevor Story,527054,Julio Teheran,502517,Daniel Murphy,R,Tyler Flowers,452095,0,0,6,False,2019-04-10,Stolen,2B,2019,2020,28.9,2020,28.9,2020,28.9,2020,28.9,2020,28.9,2020,28.9,2020,28.9,2020,28.9,2020,28.9
78,78,78,78,78,78,78,78,78,4169,1B,,Caught Stealing 2B,596115,Trevor Story,450203,Charlie Morton,641857,Ryan McMahon,R,Mike Zunino,572287,0,0,4,True,2019-04-03,Caught,2B,2019,2020,28.9,2020,28.9,2020,28.9,2020,28.9,2020,28.9,2020,28.9,2020,28.9,2020,28.9,2020,28.9
79,79,79,79,79,79,79,79,79,4159,1B,2B,Stolen Base 2B,596115,Trevor Story,605200,Zach Davies,641857,Ryan McMahon,R,Manny Piña,444489,1,2,4,False,2019-09-27,Stolen,2B,2019,2020,28.9,2020,28.9,2020,28.9,2020,28.9,2020,28.9,2020,28.9,2020,28.9,2020,28.9,2020,28.9
80,80,80,80,80,80,80,80,80,4181,2B,3B,Stolen Base 3B,596115,Trevor Story,472551,Fernando Abad,656541,Sam Hilliard,L,Aramis Garcia,605244,4,3,8,True,2019-09-26,Stolen,3B,2019,2020,28.9,2020,28.9,2020,28.9,2020,28.9,2020,28.9,2020,28.9,2020,28.9,2020,28.9,2020,28.9
81,81,81,81,81,81,81,81,81,4310,1B,2B,Stolen Base 2B,596115,Trevor Story,544727,Jeurys Familia,641857,Ryan McMahon,R,Tomás Nido,621512,4,2,6,False,2019-09-18,Stolen,2B,2019,2020,28.9,2020,28.9,2020,28.9,2020,28.9,2020,28.9,2020,28.9,2020,28.9,2020,28.9,2020,28.9
82,82,82,82,82,82,82,82,82,4505,1B,2B,Stolen Base 2B,596115,Trevor Story,659275,Dinelson Lamet,453568,Charlie Blackmon,R,Austin Allen,664119,0,1,1,True,2019-09-06,Stolen,2B,2019,2020,28.9,2020,28.9,2020,28.9,2020,28.9,2020,28.9,2020,28.9,2020,28.9,2020,28.9,2020,28.9
83,83,83,83,83,83,83,83,83,4688,1B,2B,Stolen Base 2B,596115,Trevor Story,527054,Julio Teheran,502517,Daniel Murphy,R,Tyler Flowers,452095,0,0,6,False,2019-08-26,Stolen,2B,2019,2020,28.9,2020,28.9,2020,28.9,2020,28.9,2020,28.9,2020,28.9,2020,28.9,2020,28.9,2020,28.9
84,84,84,84,84,84,84,84,84,4768,1B,2B,Stolen Base 2B,596115,Trevor Story,606303,Joel Payamps,453568,Charlie Blackmon,R,Alex Avila,488671,1,7,7,True,2019-08-21,Stolen,2B,2019,2020,28.9,2020,28.9,2020,28.9,2020,28.9,2020,28.9,2020,28.9,2020,28.9,2020,28.9,2020,28.9
85,85,85,85,85,85,85,85,85,4805,1B,,Caught Stealing 2B,596115,Trevor Story,657141,Jordan Yamamoto,571448,Nolan Arenado,R,Jorge Alfaro,595751,2,3,6,False,2019-08-18,Caught,2B,2019,2020,28.9,2020,28.9,2020,28.9,2020,28.9,2020,28.9,2020,28.9,2020,28.9,2020,28.9,2020,28.9
86,86,86,86,86,86,86,86,86,4830,1B,2B,Stolen Base 2B,596115,Trevor Story,645261,Sandy Alcantara,571448,Nolan Arenado,R,Jorge Alfaro,595751,2,0,3,False,2019-08-16,Stolen,2B,2019,2020,28.9,2020,28.9,2020,28.9,2020,28.9,2020,28.9,2020,28.9,2020,28.9,2020,28.9,2020,28.9
87,87,87,87,87,87,87,87,87,4898,1B,2B,Stolen Base 2B,596115,Trevor Story,659275,Dinelson Lamet,475174,Yonder Alonso,R,Francisco Mejía,642336,0,0,1,True,2019-08-11,Stolen,2B,2019,2020,28.9,2020,28.9,2020,28.9,2020,28.9,2020,28.9,2020,28.9,2020,28.9,2020,28.9,2020,28.9
88,88,88,88,88,88,88,88,88,4956,1B,2B,Stolen Base 2B,596115,Trevor Story,621381,Matt Strahm,571448,Nolan Arenado,L,Francisco Mejía,642336,3,3,5,True,2019-08-08,Stolen,2B,2019,2020,28.9,2020,28.9,2020,28.9,2020,28.9,2020,28.9,2020,28.9,2020,28.9,2020,28.9,2020,28.9
89,89,89,89,89,89,89,89,89,5114,1B,2B,Stolen Base 2B,596115,Trevor Story,628317,Kenta Maeda,502517,Daniel Murphy,R,Will Smith,669257,0,0,1,False,2019-07-29,Stolen,2B,2019,2020,28.9,2020,28.9,2020,28.9,2020,28.9,2020,28.9,2020,28.9,2020,28.9,2020,28.9,2020,28.9
90,90,90,90,90,90,90,90,90,5188,1B,2B,Stolen Base 2B,596115,Trevor Story,607200,Erick Fedde,571448,Nolan Arenado,R,Kurt Suzuki,435559,0,0,3,True,2019-07-24,Stolen,2B,2019,2020,28.9,2020,28.9,2020,28.9,2020,28.9,2020,28.9,2020,28.9,2020,28.9,2020,28.9,2020,28.9
91,91,91,91,91,91,91,91,91,5206,1B,2B,Stolen Base 2B,596115,Trevor Story,607200,Erick Fedde,571448,Nolan Arenado,R,Kurt Suzuki,435559,0,0,3,True,2019-07-22,Stolen,2B,2019,2020,28.9,2020,28.9,2020,28.9,2020,28.9,2020,28.9,2020,28.9,2020,28.9,2020,28.9,2020,28.9
92,92,92,92,92,92,92,92,92,5787,1B,2B,Stolen Base 2B,596115,Trevor Story,615698,Cal Quantrill,621311,David Dahl,R,Austin Hedges,595978,2,1,3,False,2019-06-14,Stolen,2B,2019,2020,28.9,2020,28.9,2020,28.9,2020,28.9,2020,28.9,2020,28.9,2020,28.9,2020,28.9,2020,28.9
93,93,93,93,93,93,93,93,93,5953,1B,2B,Stolen Base 2B,596115,Trevor Story,506433,Yu Darvish,571448,Nolan Arenado,R,Willson Contreras,575929,0,0,1,True,2019-06-05,Stolen,2B,2019,2020,28.9,2020,28.9,2020,28.9,2020,28.9,2020,28.9,2020,28.9,2020,28.9,2020,28.9,2020,28.9
94,94,94,94,94,94,94,94,94,6058,1B,2B,Stolen Base 2B,596115,Trevor Story,592662,Robbie Ray,448602,Mark Reynolds,L,Alex Avila,488671,1,0,1,False,2019-05-29,Stolen,2B,2019,2020,28.9,2020,28.9,2020,28.9,2020,28.9,2020,28.9,2020,28.9,2020,28.9,2020,28.9,2020,28.9
95,95,95,95,95,95,95,95,95,6105,1B,2B,Stolen Base 2B,596115,Trevor Story,642073,Jimmie Sherfy,435622,Ian Desmond,R,Alex Avila,488671,3,3,9,False,2019-05-27,Stolen,2B,2019,2020,28.9,2020,28.9,2020,28.9,2020,28.9,2020,28.9,2020,28.9,2020,28.9,2020,28.9,2020,28.9
96,96,96,96,96,96,96,96,96,6186,1B,,Caught Stealing 2B,596115,Trevor Story,592468,Nick Kingham,571448,Nolan Arenado,R,Elias Díaz,553869,2,6,4,True,2019-05-22,Caught,2B,2019,2020,28.9,2020,28.9,2020,28.9,2020,28.9,2020,28.9,2020,28.9,2020,28.9,2020,28.9,2020,28.9
97,97,97,97,97,97,97,97,97,6399,1B,2B,Stolen Base 2B,596115,Trevor Story,502706,Derek Holland,571448,Nolan Arenado,L,Stephen Vogt,519390,3,0,2,False,2019-05-09,Stolen,2B,2019,2020,28.9,2020,28.9,2020,28.9,2020,28.9,2020,28.9,2020,28.9,2020,28.9,2020,28.9,2020,28.9
98,98,98,98,98,98,98,98,98,6507,1B,2B,Stolen Base 2B,596115,Trevor Story,642547,Freddy Peralta,621311,David Dahl,R,Manny Piña,444489,0,5,2,True,2019-05-02,Stolen,2B,2019,2020,28.9,2020,28.9,2020,28.9,2020,28.9,2020,28.9,2020,28.9,2020,28.9,2020,28.9,2020,28.9
99,99,99,99,99,99,99,99,99,6656,1B,2B,Stolen Base 2B,596115,Trevor Story,476451,Jeremy Hellickson,448602,Mark Reynolds,R,Yan Gomes,543228,2,2,3,False,2019-04-22,Stolen,2B,2019,2020,28.9,2020,28.9,2020,28.9,2020,28.9,2020,28.9,2020,28.9,2020,28.9,2020,28.9,2020,28.9
100,100,100,100,100,100,100,100,100,6664,1B,2B,Stolen Base 2B,596115,Trevor Story,595191,Jerad Eickhoff,641857,Ryan McMahon,R,Andrew Knapp,595284,1,0,6,False,2019-04-21,Stolen,2B,2019,2020,28.9,2020,28.9,2020,28.9,2020,28.9,2020,28.9,2020,28.9,2020,28.9,2020,28.9,2020,28.9
101,101,101,101,101,101,101,101,101,6763,1B,2B,Stolen Base 2B,596115,Trevor Story,676606,Nick Margevicius,448602,Mark Reynolds,L,Francisco Mejía,642336,0,2,1,True,2019-04-16,Stolen,2B,2019,2020,28.9,2020,28.9,2020,28.9,2020,28.9,2020,28.9,2020,28.9,2020,28.9,2020,28.9,2020,28.9
102,102,102,102,102,102,102,102,102,6764,1B,2B,Stolen Base 2B,596115,Trevor Story,676606,Nick Margevicius,448602,Mark Reynolds,L,Francisco Mejía,642336,0,3,3,True,2019-04-16,Stolen,2B,2019,2020,28.9,2020,28.9,2020,28.9,2020,28.9,2020,28.9,2020,28.9,2020,28.9,2020,28.9,2020,28.9
103,103,103,103,103,103,103,103,103,6765,2B,3B,Stolen Base 3B,596115,Trevor Story,676606,Nick Margevicius,606132,Raimel Tapia,L,Francisco Mejía,642336,0,5,3,True,2019-04-16,Stolen,3B,2019,2020,28.9,2020,28.9,2020,28.9,2020,28.9,2020,28.9,2020,28.9,2020,28.9,2020,28.9,2020,28.9
104,104,104,104,104,104,104,104,104,6840,1B,2B,Stolen Base 2B,596115,Trevor Story,519141,Drew Pomeranz,435622,Ian Desmond,L,Erik Kratz,456124,0,2,4,True,2019-04-12,Stolen,2B,2019,2020,28.9,2020,28.9,2020,28.9,2020,28.9,2020,28.9,2020,28.9,2020,28.9,2020,28.9,2020,28.9
105,105,105,105,105,105,105,105,105,6876,1B,2B,Stolen Base 2B,596115,Trevor Story,527054,Julio Teheran,502517,Daniel Murphy,R,Tyler Flowers,452095,0,0,6,False,2019-04-10,Stolen,2B,2019,2020,28.9,2020,28.9,2020,28.9,2020,28.9,2020,28.9,2020,28.9,2020,28.9,2020,28.9,2020,28.9
106,106,106,106,106,106,106,106,106,7012,1B,,Caught Stealing 2B,596115,Trevor Story,450203,Charlie Morton,641857,Ryan McMahon,R,Mike Zunino,572287,0,0,4,True,2019-04-03,Caught,2B,2019,2020,28.9,2020,28.9,2020,28.9,2020,28.9,2020,28.9,2020,28.9,2020,28.9,2020,28.9,2020,28.9
107,107,107,107,107,107,107,107,107,6083,1B,2B,Stolen Base 2B,596115,Trevor Story,605200,Zach Davies,641857,Ryan McMahon,R,Manny Piña,444489,1,2,4,False,2019-09-27,Stolen,2B,2019,2020,28.9,2020,28.9,2020,28.9,2020,28.9,2020,28.9,2020,28.9,2020,28.9,2020,28.9,2020,28.9
108,108,108,108,108,108,108,108,108,6105,2B,3B,Stolen Base 3B,596115,Trevor Story,472551,Fernando Abad,656541,Sam Hilliard,L,Aramis Garcia,605244,4,3,8,True,2019-09-26,Stolen,3B,2019,2020,28.9,2020,28.9,2020,28.9,2020,28.9,2020,28.9,2020,28.9,2020,28.9,2020,28.9,2020,28.9
109,109,109,109,109,109,109,109,109,6234,1B,2B,Stolen Base 2B,596115,Trevor Story,544727,Jeurys Familia,641857,Ryan McMahon,R,Tomás Nido,621512,4,2,6,False,2019-09-18,Stolen,2B,2019,2020,28.9,2020,28.9,2020,28.9,2020,28.9,2020,28.9,2020,28.9,2020,28.9,2020,28.9,2020,28.9
110,110,110,110,110,110,110,110,110,6429,1B,2B,Stolen Base 2B,596115,Trevor Story,659275,Dinelson Lamet,453568,Charlie Blackmon,R,Austin Allen,664119,0,1,1,True,2019-09-06,Stolen,2B,2019,2020,28.9,2020,28.9,2020,28.9,2020,28.9,2020,28.9,2020,28.9,2020,28.9,2020,28.9,2020,28.9
111,111,111,111,111,111,111,111,111,6612,1B,2B,Stolen Base 2B,596115,Trevor Story,527054,Julio Teheran,502517,Daniel Murphy,R,Tyler Flowers,452095,0,0,6,False,2019-08-26,Stolen,2B,2019,2020,28.9,2020,28.9,2020,28.9,2020,28.9,2020,28.9,2020,28.9,2020,28.9,2020,28.9,2020,28.9
112,112,112,112,112,112,112,112,112,6692,1B,2B,Stolen Base 2B,596115,Trevor Story,606303,Joel Payamps,453568,Charlie Blackmon,R,Alex Avila,488671,1,7,7,True,2019-08-21,Stolen,2B,2019,2020,28.9,2020,28.9,2020,28.9,2020,28.9,2020,28.9,2020,28.9,2020,28.9,2020,28.9,2020,28.9
113,113,113,113,113,113,113,113,113,6729,1B,,Caught Stealing 2B,596115,Trevor Story,657141,Jordan Yamamoto,571448,Nolan Arenado,R,Jorge Alfaro,595751,2,3,6,False,2019-08-18,Caught,2B,2019,2020,28.9,2020,28.9,2020,28.9,2020,28.9,2020,28.9,2020,28.9,2020,28.9,2020,28.9,2020,28.9
114,114,114,114,114,114,114,114,114,6754,1B,2B,Stolen Base 2B,596115,Trevor Story,645261,Sandy Alcantara,571448,Nolan Arenado,R,Jorge Alfaro,595751,2,0,3,False,2019-08-16,Stolen,2B,2019,2020,28.9,2020,28.9,2020,28.9,2020,28.9,2020,28.9,2020,28.9,2020,28.9,2020,28.9,2020,28.9
115,115,115,115,115,115,115,115,115,6822,1B,2B,Stolen Base 2B,596115,Trevor Story,659275,Dinelson Lamet,475174,Yonder Alonso,R,Francisco Mejía,642336,0,0,1,True,2019-08-11,Stolen,2B,2019,2020,28.9,2020,28.9,2020,28.9,2020,28.9,2020,28.9,2020,28.9,2020,28.9,2020,28.9,2020,28.9
116,116,116,116,116,116,116,116,116,6880,1B,2B,Stolen Base 2B,596115,Trevor Story,621381,Matt Strahm,571448,Nolan Arenado,L,Francisco Mejía,642336,3,3,5,True,2019-08-08,Stolen,2B,2019,2020,28.9,2020,28.9,2020,28.9,2020,28.9,2020,28.9,2020,28.9,2020,28.9,2020,28.9,2020,28.9
117,117,117,117,117,117,117,117,117,7038,1B,2B,Stolen Base 2B,596115,Trevor Story,628317,Kenta Maeda,502517,Daniel Murphy,R,Will Smith,669257,0,0,1,False,2019-07-29,Stolen,2B,2019,2020,28.9,2020,28.9,2020,28.9,2020,28.9,2020,28.9,2020,28.9,2020,28.9,2020,28.9,2020,28.9
118,118,118,118,118,118,118,118,118,7112,1B,2B,Stolen Base 2B,596115,Trevor Story,607200,Erick Fedde,571448,Nolan Arenado,R,Kurt Suzuki,435559,0,0,3,True,2019-07-24,Stolen,2B,2019,2020,28.9,2020,28.9,2020,28.9,2020,28.9,2020,28.9,2020,28.9,2020,28.9,2020,28.9,2020,28.9
119,119,119,119,119,119,119,119,119,7130,1B,2B,Stolen Base 2B,596115,Trevor Story,607200,Erick Fedde,571448,Nolan Arenado,R,Kurt Suzuki,435559,0,0,3,True,2019-07-22,Stolen,2B,2019,2020,28.9,2020,28.9,2020,28.9,2020,28.9,2020,28.9,2020,28.9,2020,28.9,2020,28.9,2020,28.9
120,120,120,120,120,120,120,120,120,7711,1B,2B,Stolen Base 2B,596115,Trevor Story,615698,Cal Quantrill,621311,David Dahl,R,Austin Hedges,595978,2,1,3,False,2019-06-14,Stolen,2B,2019,2020,28.9,2020,28.9,2020,28.9,2020,28.9,2020,28.9,2020,28.9,2020,28.9,2020,28.9,2020,28.9
121,121,121,121,121,121,121,121,121,7877,1B,2B,Stolen Base 2B,596115,Trevor Story,506433,Yu Darvish,571448,Nolan Arenado,R,Willson Contreras,575929,0,0,1,True,2019-06-05,Stolen,2B,2019,2020,28.9,2020,28.9,2020,28.9,2020,28.9,2020,28.9,2020,28.9,2020,28.9,2020,28.9,2020,28.9
122,122,122,122,122,122,122,122,122,7982,1B,2B,Stolen Base 2B,596115,Trevor Story,592662,Robbie Ray,448602,Mark Reynolds,L,Alex Avila,488671,1,0,1,False,2019-05-29,Stolen,2B,2019,2020,28.9,2020,28.9,2020,28.9,2020,28.9,2020,28.9,2020,28.9,2020,28.9,2020,28.9,2020,28.9
123,123,123,123,123,123,123,123,123,8029,1B,2B,Stolen Base 2B,596115,Trevor Story,642073,Jimmie Sherfy,435622,Ian Desmond,R,Alex Avila,488671,3,3,9,False,2019-05-27,Stolen,2B,2019,2020,28.9,2020,28.9,2020,28.9,2020,28.9,2020,28.9,2020,28.9,2020,28.9,2020,28.9,2020,28.9
124,124,124,124,124,124,124,124,124,8110,1B,,Caught Stealing 2B,596115,Trevor Story,592468,Nick Kingham,571448,Nolan Arenado,R,Elias Díaz,553869,2,6,4,True,2019-05-22,Caught,2B,2019,2020,28.9,2020,28.9,2020,28.9,2020,28.9,2020,28.9,2020,28.9,2020,28.9,2020,28.9,2020,28.9
125,125,125,125,125,125,125,125,125,8323,1B,2B,Stolen Base 2B,596115,Trevor Story,502706,Derek Holland,571448,Nolan Arenado,L,Stephen Vogt,519390,3,0,2,False,2019-05-09,Stolen,2B,2019,2020,28.9,2020,28.9,2020,28.9,2020,28.9,2020,28.9,2020,28.9,2020,28.9,2020,28.9,2020,28.9
126,126,126,126,126,126,126,126,126,8431,1B,2B,Stolen Base 2B,596115,Trevor Story,642547,Freddy Peralta,621311,David Dahl,R,Manny Piña,444489,0,5,2,True,2019-05-02,Stolen,2B,2019,2020,28.9,2020,28.9,2020,28.9,2020,28.9,2020,28.9,2020,28.9,2020,28.9,2020,28.9,2020,28.9
127,127,127,127,127,127,127,127,127,8580,1B,2B,Stolen Base 2B,596115,Trevor Story,476451,Jeremy Hellickson,448602,Mark Reynolds,R,Yan Gomes,543228,2,2,3,False,2019-04-22,Stolen,2B,2019,2020,28.9,2020,28.9,2020,28.9,2020,28.9,2020,28.9,2020,28.9,2020,28.9,2020,28.9,2020,28.9
128,128,128,128,128,128,128,128,128,8588,1B,2B,Stolen Base 2B,596115,Trevor Story,595191,Jerad Eickhoff,641857,Ryan McMahon,R,Andrew Knapp,595284,1,0,6,False,2019-04-21,Stolen,2B,2019,2020,28.9,2020,28.9,2020,28.9,2020,28.9,2020,28.9,2020,28.9,2020,28.9,2020,28.9,2020,28.9
129,129,129,129,129,129,129,129,129,8687,1B,2B,Stolen Base 2B,596115,Trevor Story,676606,Nick Margevicius,448602,Mark Reynolds,L,Francisco Mejía,642336,0,2,1,True,2019-04-16,Stolen,2B,2019,2020,28.9,2020,28.9,2020,28.9,2020,28.9,2020,28.9,2020,28.9,2020,28.9,2020,28.9,2020,28.9
130,130,130,130,130,130,130,130,130,8688,1B,2B,Stolen Base 2B,596115,Trevor Story,676606,Nick Margevicius,448602,Mark Reynolds,L,Francisco Mejía,642336,0,3,3,True,2019-04-16,Stolen,2B,2019,2020,28.9,2020,28.9,2020,28.9,2020,28.9,2020,28.9,2020,28.9,2020,28.9,2020,28.9,2020,28.9
131,131,131,131,131,131,131,131,131,8689,2B,3B,Stolen Base 3B,596115,Trevor Story,676606,Nick Margevicius,606132,Raimel Tapia,L,Francisco Mejía,642336,0,5,3,True,2019-04-16,Stolen,3B,2019,2020,28.9,2020,28.9,2020,28.9,2020,28.9,2020,28.9,2020,28.9,2020,28.9,2020,28.9,2020,28.9
132,132,132,132,132,132,132,132,132,8764,1B,2B,Stolen Base 2B,596115,Trevor Story,519141,Drew Pomeranz,435622,Ian Desmond,L,Erik Kratz,456124,0,2,4,True,2019-04-12,Stolen,2B,2019,2020,28.9,2020,28.9,2020,28.9,2020,28.9,2020,28.9,2020,28.9,2020,28.9,2020,28.9,2020,28.9
133,133,133,133,133,133,133,133,133,8800,1B,2B,Stolen Base 2B,596115,Trevor Story,527054,Julio Teheran,502517,Daniel Murphy,R,Tyler Flowers,452095,0,0,6,False,2019-04-10,Stolen,2B,2019,2020,28.9,2020,28.9,2020,28.9,2020,28.9,2020,28.9,2020,28.9,2020,28.9,2020,28.9,2020,28.9
134,134,134,134,134,134,134,134,134,8936,1B,,Caught Stealing 2B,596115,Trevor Story,450203,Charlie Morton,641857,Ryan McMahon,R,Mike Zunino,572287,0,0,4,True,2019-04-03,Caught,2B,2019,2020,28.9,2020,28.9,2020,28.9,2020,28.9,2020,28.9,2020,28.9,2020,28.9,2020,28.9,2020,28.9
135,135,135,135,135,135,135,135,135,45,1B,,Caught Stealing 2B,596115,Trevor Story,600921,Andrés Machado,543068,C.J. Cron,R,Riley Adams,656180,6,5,4,False,2021-09-29,Caught,2B,2021,2022,28.4,2022,28.4,2022,28.4,2022,28.4,2022,28.4,2022,28.4,2022,28.4,2022,28.4,2022,28.4
136,136,136,136,136,136,136,136,136,204,1B,2B,Stolen Base 2B,596115,Trevor Story,600921,Andrés Machado,543068,C.J. Cron,R,Keibert Ruiz,660688,3,0,8,True,2021-09-19,Stolen,2B,2021,2022,28.4,2022,28.4,2022,28.4,2022,28.4,2022,28.4,2022,28.4,2022,28.4,2022,28.4,2022,28.4
137,137,137,137,137,137,137,137,137,448,1B,2B,Stolen Base 2B,596115,Trevor Story,657053,Touki Toussaint,543068,C.J. Cron,R,Stephen Vogt,519390,5,3,3,False,2021-09-02,Stolen,2B,2021,2022,28.4,2022,28.4,2022,28.4,2022,28.4,2022,28.4,2022,28.4,2022,28.4,2022,28.4,2022,28.4
138,138,138,138,138,138,138,138,138,1037,1B,,Caught Stealing 2B,596115,Trevor Story,680686,Josiah Gray,543068,C.J. Cron,R,Will Smith,669257,0,1,1,True,2021-07-25,Caught,2B,2021,2022,28.4,2022,28.4,2022,28.4,2022,28.4,2022,28.4,2022,28.4,2022,28.4,2022,28.4,2022,28.4
139,139,139,139,139,139,139,139,139,1267,1B,2B,Stolen Base 2B,596115,Trevor Story,663753,Reiss Knehr,641857,Ryan McMahon,R,Webster Rivas,593590,0,1,3,True,2021-07-09,Stolen,2B,2021,2022,28.4,2022,28.4,2022,28.4,2022,28.4,2022,28.4,2022,28.4,2022,28.4,2022,28.4,2022,28.4
140,140,140,140,140,140,140,140,140,1288,1B,2B,Stolen Base 2B,596115,Trevor Story,528748,Humberto Castellanos,453568,Charlie Blackmon,R,Daulton Varsho,662139,3,0,3,True,2021-07-07,Stolen,2B,2021,2022,28.4,2022,28.4,2022,28.4,2022,28.4,2022,28.4,2022,28.4,2022,28.4,2022,28.4,2022,28.4
141,141,141,141,141,141,141,141,141,1354,1B,2B,Stolen Base 2B,596115,Trevor Story,664854,Ryan Helsley,543068,C.J. Cron,R,Yadier Molina,425877,0,0,6,False,2021-07-03,Stolen,2B,2021,2022,28.4,2022,28.4,2022,28.4,2022,28.4,2022,28.4,2022,28.4,2022,28.4,2022,28.4,2022,28.4
142,142,142,142,142,142,142,142,142,1482,1B,2B,Stolen Base 2B,596115,Trevor Story,605288,Adrian Houser,641857,Ryan McMahon,R,Manny Piña,444489,2,1,4,True,2021-06-26,Stolen,2B,2021,2022,28.4,2022,28.4,2022,28.4,2022,28.4,2022,28.4,2022,28.4,2022,28.4,2022,28.4,2022,28.4
143,143,143,143,143,143,143,143,143,1602,1B,2B,Stolen Base 2B,596115,Trevor Story,605288,Adrian Houser,663898,Brendan Rodgers,R,Manny Piña,444489,3,3,3,False,2021-06-19,Stolen,2B,2021,2022,28.4,2022,28.4,2022,28.4,2022,28.4,2022,28.4,2022,28.4,2022,28.4,2022,28.4,2022,28.4
144,144,144,144,144,144,144,144,144,1626,1B,2B,Stolen Base 2B,596115,Trevor Story,669203,Corbin Burnes,641857,Ryan McMahon,R,Omar Narváez,553882,0,0,1,False,2021-06-18,Stolen,2B,2021,2022,28.4,2022,28.4,2022,28.4,2022,28.4,2022,28.4,2022,28.4,2022,28.4,2022,28.4,2022,28.4
145,145,145,145,145,145,145,145,145,1654,2B,3B,Stolen Base 3B,596115,Trevor Story,605483,Blake Snell,543068,C.J. Cron,L,Webster Rivas,593590,3,0,1,False,2021-06-16,Stolen,3B,2021,2022,28.4,2022,28.4,2022,28.4,2022,28.4,2022,28.4,2022,28.4,2022,28.4,2022,28.4,2022,28.4
146,146,146,146,146,146,146,146,146,1655,1B,2B,Stolen Base 2B,596115,Trevor Story,613534,Austin Adams,453568,Charlie Blackmon,R,Webster Rivas,593590,8,7,9,False,2021-06-16,Stolen,2B,2021,2022,28.4,2022,28.4,2022,28.4,2022,28.4,2022,28.4,2022,28.4,2022,28.4,2022,28.4,2022,28.4
147,147,147,147,147,147,147,147,147,1701,1B,2B,Stolen Base 2B,596115,Trevor Story,663574,Tony Santillan,641857,Ryan McMahon,R,Tucker Barnhart,571466,3,1,5,True,2021-06-13,Stolen,2B,2021,2022,28.4,2022,28.4,2022,28.4,2022,28.4,2022,28.4,2022,28.4,2022,28.4,2022,28.4,2022,28.4
148,148,148,148,148,148,148,148,148,1958,1B,2B,Stolen Base 2B,596115,Trevor Story,664192,Joey Lucchesi,543068,C.J. Cron,L,James McCann,543510,0,0,1,True,2021-05-27,Stolen,2B,2021,2022,28.4,2022,28.4,2022,28.4,2022,28.4,2022,28.4,2022,28.4,2022,28.4,2022,28.4,2022,28.4
149,149,149,149,149,149,149,149,149,1961,1B,2B,Stolen Base 2B,596115,Trevor Story,664192,Joey Lucchesi,543068,C.J. Cron,L,James McCann,543510,0,0,1,True,2021-05-26,Stolen,2B,2021,2022,28.4,2022,28.4,2022,28.4,2022,28.4,2022,28.4,2022,28.4,2022,28.4,2022,28.4,2022,28.4
150,150,150,150,150,150,150,150,150,2107,1B,2B,Stolen Base 2B,596115,Trevor Story,506433,Yu Darvish,658069,Joshua Fuentes,R,Victor Caratini,605170,3,0,4,True,2021-05-17,Stolen,2B,2021,2022,28.4,2022,28.4,2022,28.4,2022,28.4,2022,28.4,2022,28.4,2022,28.4,2022,28.4,2022,28.4
151,151,151,151,151,151,151,151,151,2162,1B,,Caught Stealing 2B,596115,Trevor Story,641682,Ryan Hendrix,641857,Ryan McMahon,R,Tucker Barnhart,571466,8,2,5,False,2021-05-14,Caught,2B,2021,2022,28.4,2022,28.4,2022,28.4,2022,28.4,2022,28.4,2022,28.4,2022,28.4,2022,28.4,2022,28.4
152,152,152,152,152,152,152,152,152,2163,1B,2B,Stolen Base 2B,596115,Trevor Story,605521,Art Warren,658069,Joshua Fuentes,R,Tucker Barnhart,571466,9,6,8,False,2021-05-14,Stolen,2B,2021,2022,28.4,2022,28.4,2022,28.4,2022,28.4,2022,28.4,2022,28.4,2022,28.4,2022,28.4,2022,28.4
153,153,153,153,153,153,153,153,153,2193,1B,2B,Stolen Base 2B,596115,Trevor Story,506433,Yu Darvish,641857,Ryan McMahon,R,Victor Caratini,605170,1,0,1,False,2021-05-12,Stolen,2B,2021,2022,28.4,2022,28.4,2022,28.4,2022,28.4,2022,28.4,2022,28.4,2022,28.4,2022,28.4,2022,28.4
154,154,154,154,154,154,154,154,154,2328,1B,2B,Stolen Base 2B,596115,Trevor Story,592717,Aaron Sanchez,543068,C.J. Cron,R,Buster Posey,457763,4,10,4,False,2021-05-04,Stolen,2B,2021,2022,28.4,2022,28.4,2022,28.4,2022,28.4,2022,28.4,2022,28.4,2022,28.4,2022,28.4,2022,28.4
155,155,155,155,155,155,155,155,155,2352,1B,2B,Stolen Base 2B,596115,Trevor Story,606965,Chris Devenski,641857,Ryan McMahon,R,Stephen Vogt,519390,4,4,8,True,2021-05-02,Stolen,2B,2021,2022,28.4,2022,28.4,2022,28.4,2022,28.4,2022,28.4,2022,28.4,2022,28.4,2022,28.4,2022,28.4
156,156,156,156,156,156,156,156,156,2491,1B,2B,Stolen Base 2B,596115,Trevor Story,641401,Connor Brogdon,453568,Charlie Blackmon,R,J.T. Realmuto,592663,5,7,8,False,2021-04-24,Stolen,2B,2021,2022,28.4,2022,28.4,2022,28.4,2022,28.4,2022,28.4,2022,28.4,2022,28.4,2022,28.4,2022,28.4
157,157,157,157,157,157,157,157,157,2578,1B,,Caught Stealing 2B,596115,Trevor Story,621242,Edwin Díaz,453568,Charlie Blackmon,R,James McCann,543510,1,2,9,False,2021-04-18,Caught,2B,2021,2022,28.4,2022,28.4,2022,28.4,2022,28.4,2022,28.4,2022,28.4,2022,28.4,2022,28.4,2022,28.4
158,158,158,158,158,158,158,158,158,2710,1B,2B,Stolen Base 2B,596115,Trevor Story,657277,Logan Webb,453568,Charlie Blackmon,R,Buster Posey,457763,1,3,5,True,2021-04-10,Stolen,2B,2021,2022,28.4,2022,28.4,2022,28.4,2022,28.4,2022,28.4,2022,28.4,2022,28.4,2022,28.4,2022,28.4
159,159,159,159,159,159,159,159,159,1969,1B,,Caught Stealing 2B,596115,Trevor Story,600921,Andrés Machado,543068,C.J. Cron,R,Riley Adams,656180,6,5,4,False,2021-09-29,Caught,2B,2021,2022,28.4,2022,28.4,2022,28.4,2022,28.4,2022,28.4,2022,28.4,2022,28.4,2022,28.4,2022,28.4
160,160,160,160,160,160,160,160,160,2128,1B,2B,Stolen Base 2B,596115,Trevor Story,600921,Andrés Machado,543068,C.J. Cron,R,Keibert Ruiz,660688,3,0,8,True,2021-09-19,Stolen,2B,2021,2022,28.4,2022,28.4,2022,28.4,2022,28.4,2022,28.4,2022,28.4,2022,28.4,2022,28.4,2022,28.4
161,161,161,161,161,161,161,161,161,2372,1B,2B,Stolen Base 2B,596115,Trevor Story,657053,Touki Toussaint,543068,C.J. Cron,R,Stephen Vogt,519390,5,3,3,False,2021-09-02,Stolen,2B,2021,2022,28.4,2022,28.4,2022,28.4,2022,28.4,2022,28.4,2022,28.4,2022,28.4,2022,28.4,2022,28.4
162,162,162,162,162,162,162,162,162,2961,1B,,Caught Stealing 2B,596115,Trevor Story,680686,Josiah Gray,543068,C.J. Cron,R,Will Smith,669257,0,1,1,True,2021-07-25,Caught,2B,2021,2022,28.4,2022,28.4,2022,28.4,2022,28.4,2022,28.4,2022,28.4,2022,28.4,2022,28.4,2022,28.4
163,163,163,163,163,163,163,163,163,3191,1B,2B,Stolen Base 2B,596115,Trevor Story,663753,Reiss Knehr,641857,Ryan McMahon,R,Webster Rivas,593590,0,1,3,True,2021-07-09,Stolen,2B,2021,2022,28.4,2022,28.4,2022,28.4,2022,28.4,2022,28.4,2022,28.4,2022,28.4,2022,28.4,2022,28.4
164,164,164,164,164,164,164,164,164,3212,1B,2B,Stolen Base 2B,596115,Trevor Story,528748,Humberto Castellanos,453568,Charlie Blackmon,R,Daulton Varsho,662139,3,0,3,True,2021-07-07,Stolen,2B,2021,2022,28.4,2022,28.4,2022,28.4,2022,28.4,2022,28.4,2022,28.4,2022,28.4,2022,28.4,2022,28.4
165,165,165,165,165,165,165,165,165,3278,1B,2B,Stolen Base 2B,596115,Trevor Story,664854,Ryan Helsley,543068,C.J. Cron,R,Yadier Molina,425877,0,0,6,False,2021-07-03,Stolen,2B,2021,2022,28.4,2022,28.4,2022,28.4,2022,28.4,2022,28.4,2022,28.4,2022,28.4,2022,28.4,2022,28.4
166,166,166,166,166,166,166,166,166,3406,1B,2B,Stolen Base 2B,596115,Trevor Story,605288,Adrian Houser,641857,Ryan McMahon,R,Manny Piña,444489,2,1,4,True,2021-06-26,Stolen,2B,2021,2022,28.4,2022,28.4,2022,28.4,2022,28.4,2022,28.4,2022,28.4,2022,28.4,2022,28.4,2022,28.4
167,167,167,167,167,167,167,167,167,3526,1B,2B,Stolen Base 2B,596115,Trevor Story,605288,Adrian Houser,663898,Brendan Rodgers,R,Manny Piña,444489,3,3,3,False,2021-06-19,Stolen,2B,2021,2022,28.4,2022,28.4,2022,28.4,2022,28.4,2022,28.4,2022,28.4,2022,28.4,2022,28.4,2022,28.4
168,168,168,168,168,168,168,168,168,3550,1B,2B,Stolen Base 2B,596115,Trevor Story,669203,Corbin Burnes,641857,Ryan McMahon,R,Omar Narváez,553882,0,0,1,False,2021-06-18,Stolen,2B,2021,2022,28.4,2022,28.4,2022,28.4,2022,28.4,2022,28.4,2022,28.4,2022,28.4,2022,28.4,2022,28.4
169,169,169,169,169,169,169,169,169,3578,2B,3B,Stolen Base 3B,596115,Trevor Story,605483,Blake Snell,543068,C.J. Cron,L,Webster Rivas,593590,3,0,1,False,2021-06-16,Stolen,3B,2021,2022,28.4,2022,28.4,2022,28.4,2022,28.4,2022,28.4,2022,28.4,2022,28.4,2022,28.4,2022,28.4
170,170,170,170,170,170,170,170,170,3579,1B,2B,Stolen Base 2B,596115,Trevor Story,613534,Austin Adams,453568,Charlie Blackmon,R,Webster Rivas,593590,8,7,9,False,2021-06-16,Stolen,2B,2021,2022,28.4,2022,28.4,2022,28.4,2022,28.4,2022,28.4,2022,28.4,2022,28.4,2022,28.4,2022,28.4
171,171,171,171,171,171,171,171,171,3625,1B,2B,Stolen Base 2B,596115,Trevor Story,663574,Tony Santillan,641857,Ryan McMahon,R,Tucker Barnhart,571466,3,1,5,True,2021-06-13,Stolen,2B,2021,2022,28.4,2022,28.4,2022,28.4,2022,28.4,2022,28.4,2022,28.4,2022,28.4,2022,28.4,2022,28.4
172,172,172,172,172,172,172,172,172,3882,1B,2B,Stolen Base 2B,596115,Trevor Story,664192,Joey Lucchesi,543068,C.J. Cron,L,James McCann,543510,0,0,1,True,2021-05-27,Stolen,2B,2021,2022,28.4,2022,28.4,2022,28.4,2022,28.4,2022,28.4,2022,28.4,2022,28.4,2022,28.4,2022,28.4
173,173,173,173,173,173,173,173,173,3885,1B,2B,Stolen Base 2B,596115,Trevor Story,664192,Joey Lucchesi,543068,C.J. Cron,L,James McCann,543510,0,0,1,True,2021-05-26,Stolen,2B,2021,2022,28.4,2022,28.4,2022,28.4,2022,28.4,2022,28.4,2022,28.4,2022,28.4,2022,28.4,2022,28.4
174,174,174,174,174,174,174,174,174,4031,1B,2B,Stolen Base 2B,596115,Trevor Story,506433,Yu Darvish,658069,Joshua Fuentes,R,Victor Caratini,605170,3,0,4,True,2021-05-17,Stolen,2B,2021,2022,28.4,2022,28.4,2022,28.4,2022,28.4,2022,28.4,2022,28.4,2022,28.4,2022,28.4,2022,28.4
175,175,175,175,175,175,175,175,175,4086,1B,,Caught Stealing 2B,596115,Trevor Story,641682,Ryan Hendrix,641857,Ryan McMahon,R,Tucker Barnhart,571466,8,2,5,False,2021-05-14,Caught,2B,2021,2022,28.4,2022,28.4,2022,28.4,2022,28.4,2022,28.4,2022,28.4,2022,28.4,2022,28.4,2022,28.4
176,176,176,176,176,176,176,176,176,4087,1B,2B,Stolen Base 2B,596115,Trevor Story,605521,Art Warren,658069,Joshua Fuentes,R,Tucker Barnhart,571466,9,6,8,False,2021-05-14,Stolen,2B,2021,2022,28.4,2022,28.4,2022,28.4,2022,28.4,2022,28.4,2022,28.4,2022,28.4,2022,28.4,2022,28.4
177,177,177,177,177,177,177,177,177,4117,1B,2B,Stolen Base 2B,596115,Trevor Story,506433,Yu Darvish,641857,Ryan McMahon,R,Victor Caratini,605170,1,0,1,False,2021-05-12,Stolen,2B,2021,2022,28.4,2022,28.4,2022,28.4,2022,28.4,2022,28.4,2022,28.4,2022,28.4,2022,28.4,2022,28.4
178,178,178,178,178,178,178,178,178,4252,1B,2B,Stolen Base 2B,596115,Trevor Story,592717,Aaron Sanchez,543068,C.J. Cron,R,Buster Posey,457763,4,10,4,False,2021-05-04,Stolen,2B,2021,2022,28.4,2022,28.4,2022,28.4,2022,28.4,2022,28.4,2022,28.4,2022,28.4,2022,28.4,2022,28.4
179,179,179,179,179,179,179,179,179,4276,1B,2B,Stolen Base 2B,596115,Trevor Story,606965,Chris Devenski,641857,Ryan McMahon,R,Stephen Vogt,519390,4,4,8,True,2021-05-02,Stolen,2B,2021,2022,28.4,2022,28.4,2022,28.4,2022,28.4,2022,28.4,2022,28.4,2022,28.4,2022,28.4,2022,28.4
180,180,180,180,180,180,180,180,180,4415,1B,2B,Stolen Base 2B,596115,Trevor Story,641401,Connor Brogdon,453568,Charlie Blackmon,R,J.T. Realmuto,592663,5,7,8,False,2021-04-24,Stolen,2B,2021,2022,28.4,2022,28.4,2022,28.4,2022,28.4,2022,28.4,2022,28.4,2022,28.4,2022,28.4,2022,28.4
181,181,181,181,181,181,181,181,181,4502,1B,,Caught Stealing 2B,596115,Trevor Story,621242,Edwin Díaz,453568,Charlie Blackmon,R,James McCann,543510,1,2,9,False,2021-04-18,Caught,2B,2021,2022,28.4,2022,28.4,2022,28.4,2022,28.4,2022,28.4,2022,28.4,2022,28.4,2022,28.4,2022,28.4
182,182,182,182,182,182,182,182,182,4634,1B,2B,Stolen Base 2B,596115,Trevor Story,657277,Logan Webb,453568,Charlie Blackmon,R,Buster Posey,457763,1,3,5,True,2021-04-10,Stolen,2B,2021,2022,28.4,2022,28.4,2022,28.4,2022,28.4,2022,28.4,2022,28.4,2022,28.4,2022,28.4,2022,28.4
183,183,183,183,183,183,183,183,183,49,1B,2B,Stolen Base 2B,596115,Trevor Story,605347,Jorge López,657136,Connor Wong,R,James McCann,543510,0,2,8,True,2023-09-29,Stolen,2B,2023,2024,28.1,2024,28.1,2024,28.1,2024,28.1,2024,28.1,2024,28.1,2024,28.1,2024,28.1,2024,28.1
184,184,184,184,184,184,184,184,184,93,1B,2B,Stolen Base 2B,596115,Trevor Story,607192,Tyler Glasnow,666915,Bobby Dalbec,R,Christian Bethancourt,542194,0,1,2,False,2023-09-27,Stolen,2B,2023,2024,28.1,2024,28.1,2024,28.1,2024,28.1,2024,28.1,2024,28.1,2024,28.1,2024,28.1,2024,28.1
185,185,185,185,185,185,185,185,185,206,1B,,Caught Stealing 2B,596115,Trevor Story,657053,Touki Toussaint,666915,Bobby Dalbec,R,Korey Lee,686676,0,0,2,False,2023-09-22,Caught,2B,2023,2024,28.1,2024,28.1,2024,28.1,2024,28.1,2024,28.1,2024,28.1,2024,28.1,2024,28.1,2024,28.1
186,186,186,186,186,186,186,186,186,381,1B,2B,Stolen Base 2B,596115,Trevor Story,663855,Jordan Hicks,649966,Luis Urías,R,Alejandro Kirk,672386,2,3,12,True,2023-09-16,Stolen,2B,2023,2024,28.1,2024,28.1,2024,28.1,2024,28.1,2024,28.1,2024,28.1,2024,28.1,2024,28.1,2024,28.1
187,187,187,187,187,187,187,187,187,540,2B,3B,Stolen Base 3B,596115,Trevor Story,660261,Shintaro Fujinami,657136,Connor Wong,R,James McCann,543510,6,7,5,False,2023-09-09,Stolen,3B,2023,2024,28.1,2024,28.1,2024,28.1,2024,28.1,2024,28.1,2024,28.1,2024,28.1,2024,28.1,2024,28.1
188,188,188,188,188,188,188,188,188,629,1B,2B,Stolen Base 2B,596115,Trevor Story,607192,Tyler Glasnow,657136,Connor Wong,R,René Pinto,650907,2,1,5,True,2023-09-06,Stolen,2B,2023,2024,28.1,2024,28.1,2024,28.1,2024,28.1,2024,28.1,2024,28.1,2024,28.1,2024,28.1,2024,28.1
189,189,189,189,189,189,189,189,189,655,1B,,Caught Stealing 2B,596115,Trevor Story,541640,Erasmo Ramírez,678882,Ceddanne Rafaela,R,René Pinto,650907,5,6,11,True,2023-09-05,Caught,2B,2023,2024,28.1,2024,28.1,2024,28.1,2024,28.1,2024,28.1,2024,28.1,2024,28.1,2024,28.1,2024,28.1
190,190,190,190,190,190,190,190,190,900,1B,2B,Stolen Base 2B,596115,Trevor Story,628711,Julio Urías,624512,Reese McGuire,L,Will Smith,669257,6,4,6,False,2023-08-26,Stolen,2B,2023,2024,28.1,2024,28.1,2024,28.1,2024,28.1,2024,28.1,2024,28.1,2024,28.1,2024,28.1,2024,28.1
191,191,191,191,191,191,191,191,191,942,1B,2B,Stolen Base 2B,596115,Trevor Story,664353,José Urquidy,677800,Wilyer Abreu,R,Yainer Diaz,673237,4,4,5,True,2023-08-23,Stolen,2B,2023,2024,28.1,2024,28.1,2024,28.1,2024,28.1,2024,28.1,2024,28.1,2024,28.1,2024,28.1,2024,28.1
192,192,192,192,192,192,192,192,192,1187,1B,2B,Stolen Base 2B,596115,Trevor Story,593958,Eduardo Rodriguez,807799,Masataka Yoshida,L,Jake Rogers,668670,2,1,3,False,2023-08-13,Stolen,2B,2023,2024,28.1,2024,28.1,2024,28.1,2024,28.1,2024,28.1,2024,28.1,2024,28.1,2024,28.1,2024,28.1
193,193,193,193,193,193,193,193,193,1188,2B,3B,Stolen Base 3B,596115,Trevor Story,593958,Eduardo Rodriguez,807799,Masataka Yoshida,L,Jake Rogers,668670,2,1,3,False,2023-08-13,Stolen,3B,2023,2024,28.1,2024,28.1,2024,28.1,2024,28.1,2024,28.1,2024,28.1,2024,28.1,2024,28.1,2024,28.1
194,194,194,194,194,194,194,194,194,1224,1B,2B,Stolen Base 2B,596115,Trevor Story,669373,Tarik Skubal,657077,Alex Verdugo,L,Jake Rogers,668670,4,2,6,False,2023-08-11,Stolen,2B,2023,2024,28.1,2024,28.1,2024,28.1,2024,28.1,2024,28.1,2024,28.1,2024,28.1,2024,28.1,2024,28.1
195,195,195,195,195,195,195,195,195,1235,1B,,Caught Stealing 2B,596115,Trevor Story,679525,Alec Marsh,680776,Jarren Duran,R,Freddy Fermin,666023,2,0,6,False,2023-08-10,Caught,2B,2023,2024,28.1,2024,28.1,2024,28.1,2024,28.1,2024,28.1,2024,28.1,2024,28.1,2024,28.1,2024,28.1
196,196,196,196,196,196,196,196,196,4463,1B,2B,Stolen Base 2B,596115,Trevor Story,605347,Jorge López,657136,Connor Wong,R,James McCann,543510,0,2,8,True,2023-09-29,Stolen,2B,2023,2024,28.1,2024,28.1,2024,28.1,2024,28.1,2024,28.1,2024,28.1,2024,28.1,2024,28.1,2024,28.1
197,197,197,197,197,197,197,197,197,4507,1B,2B,Stolen Base 2B,596115,Trevor Story,607192,Tyler Glasnow,666915,Bobby Dalbec,R,Christian Bethancourt,542194,0,1,2,False,2023-09-27,Stolen,2B,2023,2024,28.1,2024,28.1,2024,28.1,2024,28.1,2024,28.1,2024,28.1,2024,28.1,2024,28.1,2024,28.1
198,198,198,198,198,198,198,198,198,4620,1B,,Caught Stealing 2B,596115,Trevor Story,657053,Touki Toussaint,666915,Bobby Dalbec,R,Korey Lee,686676,0,0,2,False,2023-09-22,Caught,2B,2023,2024,28.1,2024,28.1,2024,28.1,2024,28.1,2024,28.1,2024,28.1,2024,28.1,2024,28.1,2024,28.1
199,199,199,199,199,199,199,199,199,4795,1B,2B,Stolen Base 2B,596115,Trevor Story,663855,Jordan Hicks,649966,Luis Urías,R,Alejandro Kirk,672386,2,3,12,True,2023-09-16,Stolen,2B,2023,2024,28.1,2024,28.1,2024,28.1,2024,28.1,2024,28.1,2024,28.1,2024,28.1,2024,28.1,2024,28.1
200,200,200,200,200,200,200,200,200,4954,2B,3B,Stolen Base 3B,596115,Trevor Story,660261,Shintaro Fujinami,657136,Connor Wong,R,James McCann,543510,6,7,5,False,2023-09-09,Stolen,3B,2023,2024,28.1,2024,28.1,2024,28.1,2024,28.1,2024,28.1,2024,28.1,2024,28.1,2024,28.1,2024,28.1
201,201,201,201,201,201,201,201,201,5043,1B,2B,Stolen Base 2B,596115,Trevor Story,607192,Tyler Glasnow,657136,Connor Wong,R,René Pinto,650907,2,1,5,True,2023-09-06,Stolen,2B,2023,2024,28.1,2024,28.1,2024,28.1,2024,28.1,2024,28.1,2024,28.1,2024,28.1,2024,28.1,2024,28.1
202,202,202,202,202,202,202,202,202,5069,1B,,Caught Stealing 2B,596115,Trevor Story,541640,Erasmo Ramírez,678882,Ceddanne Rafaela,R,René Pinto,650907,5,6,11,True,2023-09-05,Caught,2B,2023,2024,28.1,2024,28.1,2024,28.1,2024,28.1,2024,28.1,2024,28.1,2024,28.1,2024,28.1,2024,28.1
203,203,203,203,203,203,203,203,203,5314,1B,2B,Stolen Base 2B,596115,Trevor Story,628711,Julio Urías,624512,Reese McGuire,L,Will Smith,669257,6,4,6,False,2023-08-26,Stolen,2B,2023,2024,28.1,2024,28.1,2024,28.1,2024,28.1,2024,28.1,2024,28.1,2024,28.1,2024,28.1,2024,28.1
204,204,204,204,204,204,204,204,204,5356,1B,2B,Stolen Base 2B,596115,Trevor Story,664353,José Urquidy,677800,Wilyer Abreu,R,Yainer Diaz,673237,4,4,5,True,2023-08-23,Stolen,2B,2023,2024,28.1,2024,28.1,2024,28.1,2024,28.1,2024,28.1,2024,28.1,2024,28.1,2024,28.1,2024,28.1
205,205,205,205,205,205,205,205,205,5601,1B,2B,Stolen Base 2B,596115,Trevor Story,593958,Eduardo Rodriguez,807799,Masataka Yoshida,L,Jake Rogers,668670,2,1,3,False,2023-08-13,Stolen,2B,2023,2024,28.1,2024,28.1,2024,28.1,2024,28.1,2024,28.1,2024,28.1,2024,28.1,2024,28.1,2024,28.1
206,206,206,206,206,206,206,206,206,5602,2B,3B,Stolen Base 3B,596115,Trevor Story,593958,Eduardo Rodriguez,807799,Masataka Yoshida,L,Jake Rogers,668670,2,1,3,False,2023-08-13,Stolen,3B,2023,2024,28.1,2024,28.1,2024,28.1,2024,28.1,2024,28.1,2024,28.1,2024,28.1,2024,28.1,2024,28.1
207,207,207,207,207,207,207,207,207,5638,1B,2B,Stolen Base 2B,596115,Trevor Story,669373,Tarik Skubal,657077,Alex Verdugo,L,Jake Rogers,668670,4,2,6,False,2023-08-11,Stolen,2B,2023,2024,28.1,2024,28.1,2024,28.1,2024,28.1,2024,28.1,2024,28.1,2024,28.1,2024,28.1,2024,28.1
208,208,208,208,208,208,208,208,208,5649,1B,,Caught Stealing 2B,596115,Trevor Story,679525,Alec Marsh,680776,Jarren Duran,R,Freddy Fermin,666023,2,0,6,False,2023-08-10,Caught,2B,2023,2024,28.1,2024,28.1,2024,28.1,2024,28.1,2024,28.1,2024,28.1,2024,28.1,2024,28.1,2024,28.1
209,209,209,209,209,209,209,209,209,391,1B,2B,Stolen Base 2B,596115,Trevor Story,650644,Aaron Civale,614173,Franchy Cordero,R,Luke Maile,571912,0,0,2,True,2022-06-26,Stolen,2B,2022,2023,28.8,2023,28.8,2023,28.8,2023,28.8,2023,28.8,2023,28.8,2023,28.8,2023,28.8,2023,28.8
210,210,210,210,210,210,210,210,210,453,1B,2B,Stolen Base 2B,596115,Trevor Story,671345,Jason Foley,543877,Christian Vázquez,R,Tucker Barnhart,571466,6,2,8,False,2022-06-22,Stolen,2B,2022,2023,28.8,2023,28.8,2023,28.8,2023,28.8,2023,28.8,2023,28.8,2023,28.8,2023,28.8,2023,28.8
211,211,211,211,211,211,211,211,211,705,1B,2B,Stolen Base 2B,596115,Trevor Story,681806,Andrew Wantz,608700,Kevin Plawecki,R,Max Stassi,545358,0,1,8,True,2022-06-08,Stolen,2B,2022,2023,28.8,2023,28.8,2023,28.8,2023,28.8,2023,28.8,2023,28.8,2023,28.8,2023,28.8,2023,28.8
212,212,212,212,212,212,212,212,212,807,1B,2B,Stolen Base 2B,596115,Trevor Story,572125,Sam Selman,614173,Franchy Cordero,L,Sean Murphy,669221,0,4,8,True,2022-06-03,Stolen,2B,2022,2023,28.8,2023,28.8,2023,28.8,2023,28.8,2023,28.8,2023,28.8,2023,28.8,2023,28.8,2023,28.8
213,213,213,213,213,213,213,213,213,961,1B,2B,Stolen Base 2B,596115,Trevor Story,614179,José Ruiz,657077,Alex Verdugo,R,Yasmani Grandal,518735,3,7,5,True,2022-05-26,Stolen,2B,2022,2023,28.8,2023,28.8,2023,28.8,2023,28.8,2023,28.8,2023,28.8,2023,28.8,2023,28.8,2023,28.8
214,214,214,214,214,214,214,214,214,1076,2B,3B,Stolen Base 3B,596115,Trevor Story,489265,Sergio Romo,543877,Christian Vázquez,R,Luis Torrens,620443,5,4,6,False,2022-05-19,Stolen,3B,2022,2023,28.8,2023,28.8,2023,28.8,2023,28.8,2023,28.8,2023,28.8,2023,28.8,2023,28.8,2023,28.8
215,215,215,215,215,215,215,215,215,1133,1B,2B,Stolen Base 2B,596115,Trevor Story,593576,Héctor Neris,614173,Franchy Cordero,R,Jason Castro,488771,6,3,8,False,2022-05-16,Stolen,2B,2022,2023,28.8,2023,28.8,2023,28.8,2023,28.8,2023,28.8,2023,28.8,2023,28.8,2023,28.8,2023,28.8
216,216,216,216,216,216,216,216,216,1150,1B,2B,Stolen Base 2B,596115,Trevor Story,456713,Matt Bush,614173,Franchy Cordero,R,Jonah Heim,641680,5,1,8,True,2022-05-15,Stolen,2B,2022,2023,28.8,2023,28.8,2023,28.8,2023,28.8,2023,28.8,2023,28.8,2023,28.8,2023,28.8,2023,28.8
217,217,217,217,217,217,217,217,217,1175,1B,2B,Stolen Base 2B,596115,Trevor Story,657248,Glenn Otto,614173,Franchy Cordero,R,Sam Huff,669087,1,7,5,True,2022-05-14,Stolen,2B,2022,2023,28.8,2023,28.8,2023,28.8,2023,28.8,2023,28.8,2023,28.8,2023,28.8,2023,28.8,2023,28.8
218,218,218,218,218,218,218,218,218,1552,1B,2B,Stolen Base 2B,596115,Trevor Story,592094,Jason Adam,646240,Rafael Devers,R,Mike Zunino,572287,0,0,5,True,2022-04-23,Stolen,2B,2022,2023,28.8,2023,28.8,2023,28.8,2023,28.8,2023,28.8,2023,28.8,2023,28.8,2023,28.8,2023,28.8
219,219,219,219,219,219,219,219,219,2,1B,2B,Stolen Base 2B,596115,Trevor Story,554430,Zack Wheeler,435622,Ian Desmond,R,Jose Lobaton,446653,2,6,3,True,2018-05-04,Stolen,2B,2018,2019,29.2,2019,29.2,2019,29.2,2019,29.2,2019,29.2,2019,29.2,2019,29.2,2019,29.2,2019,29.2
220,220,220,220,220,220,220,220,220,205,1B,2B,Stolen Base 2B,596115,Trevor Story,571951,Bryan Mitchell,435622,Ian Desmond,R,A.J. Ellis,454560,5,4,3,False,2018-04-23,Stolen,2B,2018,2019,29.2,2019,29.2,2019,29.2,2019,29.2,2019,29.2,2019,29.2,2019,29.2,2019,29.2,2019,29.2
221,221,221,221,221,221,221,221,221,322,1B,2B,Stolen Base 2B,596115,Trevor Story,593144,Richard Rodríguez,547172,Tony Wolters,R,Francisco Cervelli,465041,0,2,9,True,2018-04-17,Stolen,2B,2018,2019,29.2,2019,29.2,2019,29.2,2019,29.2,2019,29.2,2019,29.2,2019,29.2,2019,29.2,2019,29.2
222,222,222,222,222,222,222,222,222,342,1B,2B,Stolen Base 2B,596115,Trevor Story,607192,Tyler Glasnow,642162,Pat Valaika,R,Francisco Cervelli,465041,2,5,7,True,2018-04-16,Stolen,2B,2018,2019,29.2,2019,29.2,2019,29.2,2019,29.2,2019,29.2,2019,29.2,2019,29.2,2019,29.2,2019,29.2
223,223,223,223,223,223,223,223,223,437,1B,2B,Stolen Base 2B,596115,Trevor Story,628318,Kazuhisa Makita,467827,Gerardo Parra,R,Austin Hedges,595978,2,5,7,False,2018-04-10,Stolen,2B,2018,2019,29.2,2019,29.2,2019,29.2,2019,29.2,2019,29.2,2019,29.2,2019,29.2,2019,29.2,2019,29.2
224,224,224,224,224,224,224,224,224,599,1B,2B,Stolen Base 2B,596115,Trevor Story,571951,Bryan Mitchell,455104,Chris Iannetta,R,A.J. Ellis,454560,1,1,2,True,2018-04-02,Stolen,2B,2018,2019,29.2,2019,29.2,2019,29.2,2019,29.2,2019,29.2,2019,29.2,2019,29.2,2019,29.2,2019,29.2
225,225,225,225,225,225,225,225,225,708,1B,,Caught Stealing 2B,596115,Trevor Story,474699,Vance Worley,448602,Mark Reynolds,R,A.J. Ellis,454560,6,0,2,False,2017-09-27,Caught,2B,2017,2018,29.6,2018,29.6,2018,29.6,2018,29.6,2018,29.6,2018,29.6,2018,29.6,2018,29.6,2018,29.6
226,226,226,226,226,226,226,226,226,748,1B,2B,Stolen Base 2B,596115,Trevor Story,657681,Kyle McGrath,547172,Tony Wolters,L,Rocky Gale,502570,2,4,6,True,2017-09-24,Stolen,2B,2017,2018,29.6,2018,29.6,2018,29.6,2018,29.6,2018,29.6,2018,29.6,2018,29.6,2018,29.6,2018,29.6
227,227,227,227,227,227,227,227,227,902,1B,2B,Stolen Base 2B,596115,Trevor Story,543475,Jordan Lyles,435622,Ian Desmond,R,Austin Hedges,595978,5,0,3,False,2017-09-16,Stolen,2B,2017,2018,29.6,2018,29.6,2018,29.6,2018,29.6,2018,29.6,2018,29.6,2018,29.6,2018,29.6,2018,29.6
228,228,228,228,228,228,228,228,228,1670,1B,2B,Stolen Base 2B,596115,Trevor Story,593576,Héctor Neris,518960,Jonathan Lucroy,R,Cameron Rupp,519237,2,3,9,False,2017-08-06,Stolen,2B,2017,2018,29.6,2018,29.6,2018,29.6,2018,29.6,2018,29.6,2018,29.6,2018,29.6,2018,29.6,2018,29.6
229,229,229,229,229,229,229,229,229,1916,1B,2B,Stolen Base 2B,596115,Trevor Story,502190,Mike Leake,547172,Tony Wolters,R,Yadier Molina,425877,4,0,5,True,2017-07-24,Stolen,2B,2017,2018,29.6,2018,29.6,2018,29.6,2018,29.6,2018,29.6,2018,29.6,2018,29.6,2018,29.6,2018,29.6
230,230,230,230,230,230,230,230,230,2238,1B,2B,Stolen Base 2B,596115,Trevor Story,592836,Taijuan Walker,452672,Ryan Hanigan,R,Chris Iannetta,455104,2,2,6,True,2017-07-02,Stolen,2B,2017,2018,29.6,2018,29.6,2018,29.6,2018,29.6,2018,29.6,2018,29.6,2018,29.6,2018,29.6,2018,29.6
231,231,231,231,231,231,231,231,231,2763,1B,2B,Stolen Base 2B,596115,Trevor Story,592102,Cody Allen,452672,Ryan Hanigan,R,Roberto Pérez,547379,5,1,7,False,2017-06-07,Stolen,2B,2017,2018,29.6,2018,29.6,2018,29.6,2018,29.6,2018,29.6,2018,29.6,2018,29.6,2018,29.6,2018,29.6
232,232,232,232,232,232,232,232,232,3990,1B,2B,Stolen Base 2B,596115,Trevor Story,453172,Jared Hughes,467827,Gerardo Parra,R,Manny Piña,444489,5,6,9,True,2017-04-04,Stolen,2B,2017,2018,29.6,2018,29.6,2018,29.6,2018,29.6,2018,29.6,2018,29.6,2018,29.6,2018,29.6,2018,29.6
233,233,233,233,233,233,233,233,233,80,1B,,Caught Stealing 2B,596115,Trevor Story,474699,Vance Worley,448602,Mark Reynolds,R,A.J. Ellis,454560,6,0,2,False,2017-09-27,Caught,2B,2017,2018,29.6,2018,29.6,2018,29.6,2018,29.6,2018,29.6,2018,29.6,2018,29.6,2018,29.6,2018,29.6
234,234,234,234,234,234,234,234,234,120,1B,2B,Stolen Base 2B,596115,Trevor Story,657681,Kyle McGrath,547172,Tony Wolters,L,Rocky Gale,502570,2,4,6,True,2017-09-24,Stolen,2B,2017,2018,29.6,2018,29.6,2018,29.6,2018,29.6,2018,29.6,2018,29.6,2018,29.6,2018,29.6,2018,29.6
235,235,235,235,235,235,235,235,235,274,1B,2B,Stolen Base 2B,596115,Trevor Story,543475,Jordan Lyles,435622,Ian Desmond,R,Austin Hedges,595978,5,0,3,False,2017-09-16,Stolen,2B,2017,2018,29.6,2018,29.6,2018,29.6,2018,29.6,2018,29.6,2018,29.6,2018,29.6,2018,29.6,2018,29.6
236,236,236,236,236,236,236,236,236,1042,1B,2B,Stolen Base 2B,596115,Trevor Story,593576,Héctor Neris,518960,Jonathan Lucroy,R,Cameron Rupp,519237,2,3,9,False,2017-08-06,Stolen,2B,2017,2018,29.6,2018,29.6,2018,29.6,2018,29.6,2018,29.6,2018,29.6,2018,29.6,2018,29.6,2018,29.6
237,237,237,237,237,237,237,237,237,1288,1B,2B,Stolen Base 2B,596115,Trevor Story,502190,Mike Leake,547172,Tony Wolters,R,Yadier Molina,425877,4,0,5,True,2017-07-24,Stolen,2B,2017,2018,29.6,2018,29.6,2018,29.6,2018,29.6,2018,29.6,2018,29.6,2018,29.6,2018,29.6,2018,29.6
238,238,238,238,238,238,238,238,238,1610,1B,2B,Stolen Base 2B,596115,Trevor Story,592836,Taijuan Walker,452672,Ryan Hanigan,R,Chris Iannetta,455104,2,2,6,True,2017-07-02,Stolen,2B,2017,2018,29.6,2018,29.6,2018,29.6,2018,29.6,2018,29.6,2018,29.6,2018,29.6,2018,29.6,2018,29.6
239,239,239,239,239,239,239,239,239,2135,1B,2B,Stolen Base 2B,596115,Trevor Story,592102,Cody Allen,452672,Ryan Hanigan,R,Roberto Pérez,547379,5,1,7,False,2017-06-07,Stolen,2B,2017,2018,29.6,2018,29.6,2018,29.6,2018,29.6,2018,29.6,2018,29.6,2018,29.6,2018,29.6,2018,29.6
240,240,240,240,240,240,240,240,240,3362,1B,2B,Stolen Base 2B,596115,Trevor Story,453172,Jared Hughes,467827,Gerardo Parra,R,Manny Piña,444489,5,6,9,True,2017-04-04,Stolen,2B,2017,2018,29.6,2018,29.6,2018,29.6,2018,29.6,2018,29.6,2018,29.6,2018,29.6,2018,29.6,2018,29.6
241,241,241,241,241,241,241,241,241,5319,1B,2B,Stolen Base 2B,596115,Trevor Story,544727,Jeurys Familia,621311,David Dahl,R,René Rivera,425784,1,0,9,True,2016-07-28,Stolen,2B,2016,2017,29.3,2017,29.3,2017,29.3,2017,29.3,2017,29.3,2017,29.3,2017,29.3,2017,29.3,2017,29.3
242,242,242,242,242,242,242,242,242,5413,1B,2B,Stolen Base 2B,596115,Trevor Story,571871,Ian Krol,430605,Ryan Raburn,L,Anthony Recker,489232,5,3,6,False,2016-07-23,Stolen,2B,2016,2017,29.3,2017,29.3,2017,29.3,2017,29.3,2017,29.3,2017,29.3,2017,29.3,2017,29.3,2017,29.3
243,243,243,243,243,243,243,243,243,5466,1B,,Caught Stealing 2B,596115,Trevor Story,592314,Mike Foltynewicz,518614,Daniel Descalso,R,A.J. Pierzynski,150229,0,0,4,False,2016-07-21,Caught,2B,2016,2017,29.3,2017,29.3,2017,29.3,2017,29.3,2017,29.3,2017,29.3,2017,29.3,2017,29.3,2017,29.3
244,244,244,244,244,244,244,244,244,5506,1B,,Caught Stealing 2B,596115,Trevor Story,605483,Blake Snell,460026,Nick Hundley,L,Luke Maile,571912,0,1,2,False,2016-07-19,Caught,2B,2016,2017,29.3,2017,29.3,2017,29.3,2017,29.3,2017,29.3,2017,29.3,2017,29.3,2017,29.3,2017,29.3
245,245,245,245,245,245,245,245,245,5525,1B,2B,Stolen Base 2B,596115,Trevor Story,592767,Drew Smyly,430605,Ryan Raburn,L,Luke Maile,571912,1,1,1,False,2016-07-18,Stolen,2B,2016,2017,29.3,2017,29.3,2017,29.3,2017,29.3,2017,29.3,2017,29.3,2017,29.3,2017,29.3,2017,29.3
246,246,246,246,246,246,246,246,246,5960,1B,2B,Stolen Base 2B,596115,Trevor Story,580792,Nick Goody,518614,Daniel Descalso,R,Brian McCann,435263,2,5,5,True,2016-06-21,Stolen,2B,2016,2017,29.3,2017,29.3,2017,29.3,2017,29.3,2017,29.3,2017,29.3,2017,29.3,2017,29.3,2017,29.3
247,247,247,247,247,247,247,247,247,6164,1B,2B,Stolen Base 2B,596115,Trevor Story,534812,Kevin Quackenbush,467827,Gerardo Parra,R,Derek Norris,519083,4,3,8,False,2016-06-10,Stolen,2B,2016,2017,29.3,2017,29.3,2017,29.3,2017,29.3,2017,29.3,2017,29.3,2017,29.3,2017,29.3,2017,29.3
248,248,248,248,248,248,248,248,248,6283,1B,,Caught Stealing 2B,596115,Trevor Story,519141,Drew Pomeranz,467827,Gerardo Parra,L,Derek Norris,519083,4,0,7,True,2016-06-03,Caught,2B,2016,2017,29.3,2017,29.3,2017,29.3,2017,29.3,2017,29.3,2017,29.3,2017,29.3,2017,29.3,2017,29.3
249,249,249,249,249,249,249,249,249,6726,1B,2B,Stolen Base 2B,596115,Trevor Story,592662,Robbie Ray,571448,Nolan Arenado,L,Chris Herrmann,543302,1,0,3,False,2016-05-11,Stolen,2B,2016,2017,29.3,2017,29.3,2017,29.3,2017,29.3,2017,29.3,2017,29.3,2017,29.3,2017,29.3,2017,29.3
250,250,250,250,250,250,250,250,250,6852,1B,2B,Stolen Base 2B,596115,Trevor Story,488768,Andrew Cashner,471865,Carlos González,R,Derek Norris,519083,0,3,2,True,2016-05-03,Stolen,2B,2016,2017,29.3,2017,29.3,2017,29.3,2017,29.3,2017,29.3,2017,29.3,2017,29.3,2017,29.3,2017,29.3
251,251,251,251,251,251,251,251,251,7187,1B,,Caught Stealing 2B,596115,Trevor Story,452657,Jon Lester,471865,Carlos González,L,David Ross,424325,0,0,1,True,2016-04-17,Caught,2B,2016,2017,29.3,2017,29.3,2017,29.3,2017,29.3,2017,29.3,2017,29.3,2017,29.3,2017,29.3,2017,29.3
252,252,252,252,252,252,252,252,252,7189,1B,2B,Stolen Base 2B,596115,Trevor Story,452657,Jon Lester,471865,Carlos González,L,David Ross,424325,0,1,6,True,2016-04-17,Stolen,2B,2016,2017,29.3,2017,29.3,2017,29.3,2017,29.3,2017,29.3,2017,29.3,2017,29.3,2017,29.3,2017,29.3
253,253,253,253,253,253,253,253,253,1284,1B,2B,Stolen Base 2B,596115,Trevor Story,544727,Jeurys Familia,621311,David Dahl,R,René Rivera,425784,1,0,9,True,2016-07-28,Stolen,2B,2016,2017,29.3,2017,29.3,2017,29.3,2017,29.3,2017,29.3,2017,29.3,2017,29.3,2017,29.3,2017,29.3
254,254,254,254,254,254,254,254,254,1378,1B,2B,Stolen Base 2B,596115,Trevor Story,571871,Ian Krol,430605,Ryan Raburn,L,Anthony Recker,489232,5,3,6,False,2016-07-23,Stolen,2B,2016,2017,29.3,2017,29.3,2017,29.3,2017,29.3,2017,29.3,2017,29.3,2017,29.3,2017,29.3,2017,29.3
255,255,255,255,255,255,255,255,255,1431,1B,,Caught Stealing 2B,596115,Trevor Story,592314,Mike Foltynewicz,518614,Daniel Descalso,R,A.J. Pierzynski,150229,0,0,4,False,2016-07-21,Caught,2B,2016,2017,29.3,2017,29.3,2017,29.3,2017,29.3,2017,29.3,2017,29.3,2017,29.3,2017,29.3,2017,29.3
256,256,256,256,256,256,256,256,256,1471,1B,,Caught Stealing 2B,596115,Trevor Story,605483,Blake Snell,460026,Nick Hundley,L,Luke Maile,571912,0,1,2,False,2016-07-19,Caught,2B,2016,2017,29.3,2017,29.3,2017,29.3,2017,29.3,2017,29.3,2017,29.3,2017,29.3,2017,29.3,2017,29.3
257,257,257,257,257,257,257,257,257,1490,1B,2B,Stolen Base 2B,596115,Trevor Story,592767,Drew Smyly,430605,Ryan Raburn,L,Luke Maile,571912,1,1,1,False,2016-07-18,Stolen,2B,2016,2017,29.3,2017,29.3,2017,29.3,2017,29.3,2017,29.3,2017,29.3,2017,29.3,2017,29.3,2017,29.3
258,258,258,258,258,258,258,258,258,1925,1B,2B,Stolen Base 2B,596115,Trevor Story,580792,Nick Goody,518614,Daniel Descalso,R,Brian McCann,435263,2,5,5,True,2016-06-21,Stolen,2B,2016,2017,29.3,2017,29.3,2017,29.3,2017,29.3,2017,29.3,2017,29.3,2017,29.3,2017,29.3,2017,29.3
259,259,259,259,259,259,259,259,259,2129,1B,2B,Stolen Base 2B,596115,Trevor Story,534812,Kevin Quackenbush,467827,Gerardo Parra,R,Derek Norris,519083,4,3,8,False,2016-06-10,Stolen,2B,2016,2017,29.3,2017,29.3,2017,29.3,2017,29.3,2017,29.3,2017,29.3,2017,29.3,2017,29.3,2017,29.3
260,260,260,260,260,260,260,260,260,2248,1B,,Caught Stealing 2B,596115,Trevor Story,519141,Drew Pomeranz,467827,Gerardo Parra,L,Derek Norris,519083,4,0,7,True,2016-06-03,Caught,2B,2016,2017,29.3,2017,29.3,2017,29.3,2017,29.3,2017,29.3,2017,29.3,2017,29.3,2017,29.3,2017,29.3
261,261,261,261,261,261,261,261,261,2691,1B,2B,Stolen Base 2B,596115,Trevor Story,592662,Robbie Ray,571448,Nolan Arenado,L,Chris Herrmann,543302,1,0,3,False,2016-05-11,Stolen,2B,2016,2017,29.3,2017,29.3,2017,29.3,2017,29.3,2017,29.3,2017,29.3,2017,29.3,2017,29.3,2017,29.3
262,262,262,262,262,262,262,262,262,2817,1B,2B,Stolen Base 2B,596115,Trevor Story,488768,Andrew Cashner,471865,Carlos González,R,Derek Norris,519083,0,3,2,True,2016-05-03,Stolen,2B,2016,2017,29.3,2017,29.3,2017,29.3,2017,29.3,2017,29.3,2017,29.3,2017,29.3,2017,29.3,2017,29.3
263,263,263,263,263,263,263,263,263,3152,1B,,Caught Stealing 2B,596115,Trevor Story,452657,Jon Lester,471865,Carlos González,L,David Ross,424325,0,0,1,True,2016-04-17,Caught,2B,2016,2017,29.3,2017,29.3,2017,29.3,2017,29.3,2017,29.3,2017,29.3,2017,29.3,2017,29.3,2017,29.3
264,264,264,264,264,264,264,264,264,3154,1B,2B,Stolen Base 2B,596115,Trevor Story,452657,Jon Lester,471865,Carlos González,L,David Ross,424325,0,1,6,True,2016-04-17,Stolen,2B,2016,2017,29.3,2017,29.3,2017,29.3,2017,29.3,2017,29.3,2017,29.3,2017,29.3,2017,29.3,2017,29.3
265,265,265,265,265,265,265,265,265,4691,1B,2B,Stolen Base 2B,596115,Trevor Story,544727,Jeurys Familia,621311,David Dahl,R,René Rivera,425784,1,0,9,True,2016-07-28,Stolen,2B,2016,2017,29.3,2017,29.3,2017,29.3,2017,29.3,2017,29.3,2017,29.3,2017,29.3,2017,29.3,2017,29.3
266,266,266,266,266,266,266,266,266,4785,1B,2B,Stolen Base 2B,596115,Trevor Story,571871,Ian Krol,430605,Ryan Raburn,L,Anthony Recker,489232,5,3,6,False,2016-07-23,Stolen,2B,2016,2017,29.3,2017,29.3,2017,29.3,2017,29.3,2017,29.3,2017,29.3,2017,29.3,2017,29.3,2017,29.3
267,267,267,267,267,267,267,267,267,4838,1B,,Caught Stealing 2B,596115,Trevor Story,592314,Mike Foltynewicz,518614,Daniel Descalso,R,A.J. Pierzynski,150229,0,0,4,False,2016-07-21,Caught,2B,2016,2017,29.3,2017,29.3,2017,29.3,2017,29.3,2017,29.3,2017,29.3,2017,29.3,2017,29.3,2017,29.3
268,268,268,268,268,268,268,268,268,4878,1B,,Caught Stealing 2B,596115,Trevor Story,605483,Blake Snell,460026,Nick Hundley,L,Luke Maile,571912,0,1,2,False,2016-07-19,Caught,2B,2016,2017,29.3,2017,29.3,2017,29.3,2017,29.3,2017,29.3,2017,29.3,2017,29.3,2017,29.3,2017,29.3
269,269,269,269,269,269,269,269,269,4897,1B,2B,Stolen Base 2B,596115,Trevor Story,592767,Drew Smyly,430605,Ryan Raburn,L,Luke Maile,571912,1,1,1,False,2016-07-18,Stolen,2B,2016,2017,29.3,2017,29.3,2017,29.3,2017,29.3,2017,29.3,2017,29.3,2017,29.3,2017,29.3,2017,29.3
270,270,270,270,270,270,270,270,270,5332,1B,2B,Stolen Base 2B,596115,Trevor Story,580792,Nick Goody,518614,Daniel Descalso,R,Brian McCann,435263,2,5,5,True,2016-06-21,Stolen,2B,2016,2017,29.3,2017,29.3,2017,29.3,2017,29.3,2017,29.3,2017,29.3,2017,29.3,2017,29.3,2017,29.3
271,271,271,271,271,271,271,271,271,5536,1B,2B,Stolen Base 2B,596115,Trevor Story,534812,Kevin Quackenbush,467827,Gerardo Parra,R,Derek Norris,519083,4,3,8,False,2016-06-10,Stolen,2B,2016,2017,29.3,2017,29.3,2017,29.3,2017,29.3,2017,29.3,2017,29.3,2017,29.3,2017,29.3,2017,29.3
272,272,272,272,272,272,272,272,272,5655,1B,,Caught Stealing 2B,596115,Trevor Story,519141,Drew Pomeranz,467827,Gerardo Parra,L,Derek Norris,519083,4,0,7,True,2016-06-03,Caught,2B,2016,2017,29.3,2017,29.3,2017,29.3,2017,29.3,2017,29.3,2017,29.3,2017,29.3,2017,29.3,2017,29.3
273,273,273,273,273,273,273,273,273,6098,1B,2B,Stolen Base 2B,596115,Trevor Story,592662,Robbie Ray,571448,Nolan Arenado,L,Chris Herrmann,543302,1,0,3,False,2016-05-11,Stolen,2B,2016,2017,29.3,2017,29.3,2017,29.3,2017,29.3,2017,29.3,2017,29.3,2017,29.3,2017,29.3,2017,29.3
274,274,274,274,274,274,274,274,274,6224,1B,2B,Stolen Base 2B,596115,Trevor Story,488768,Andrew Cashner,471865,Carlos González,R,Derek Norris,519083,0,3,2,True,2016-05-03,Stolen,2B,2016,2017,29.3,2017,29.3,2017,29.3,2017,29.3,2017,29.3,2017,29.3,2017,29.3,2017,29.3,2017,29.3
275,275,275,275,275,275,275,275,275,6559,1B,,Caught Stealing 2B,596115,Trevor Story,452657,Jon Lester,471865,Carlos González,L,David Ross,424325,0,0,1,True,2016-04-17,Caught,2B,2016,2017,29.3,2017,29.3,2017,29.3,2017,29.3,2017,29.3,2017,29.3,2017,29.3,2017,29.3,2017,29.3
276,276,276,276,276,276,276,276,276,6561,1B,2B,Stolen Base 2B,596115,Trevor Story,452657,Jon Lester,471865,Carlos González,L,David Ross,424325,0,1,6,True,2016-04-17,Stolen,2B,2016,2017,29.3,2017,29.3,2017,29.3,2017,29.3,2017,29.3,2017,29.3,2017,29.3,2017,29.3,2017,29.3
